customer_id,transaction_date,city
41,2023-01-14,Jakarta
46,2023-09-26,Bogor
11,2023-07-17,Tangerang
17,2023-09-29,Bogor
48,2023-03-15,Bogor
32,2023-12-08,Jakarta
14,2023-04-10,Bogor
30,2023-08-04,Bogor
1,2023-04-18,Jakarta
13,2023-12-16,Bekasi
15,2023-11-25,Bogor
43,2023-07-22,Depok
23,2023-12-30,Bogor
44,2023-08-14,Depok
25,2023-05-02,Tangerang
21,2023-02-05,Depok
13,2023-07-01,Bogor
42,2023-02-26,Tangerang
7,2023-02-27,Tangerang
2,2023-04-15,Depok
46,2023-07-02,Jakarta
6,2023-08-07,Tangerang
12,2023-05-28,Jakarta
43,2023-05-08,Bogor
36,2023-03-17,Depok
39,2023-05-24,Tangerang
50,2023-05-31,Tangerang
5,2023-11-30,Bogor
38,2023-05-04,Bogor
31,2023-02-20,Bogor
23,2023-01-31,Depok
28,2023-10-07,Tangerang
9,2023-04-11,Tangerang
10,2023-03-12,Jakarta
20,2023-09-19,Depok
37,2023-10-27,Bogor
15,2023-10-09,Jakarta
32,2023-08-14,Jakarta
14,2023-01-24,Jakarta
36,2023-03-27,Bekasi
9,2023-05-05,Jakarta
24,2023-07-27,Tangerang
48,2023-10-04,Bogor
17,2023-03-02,Bogor
13,2023-03-31,Tangerang
31,2023-10-14,Bogor
4,2023-09-27,Jakarta
19,2023-06-05,Bogor
31,2023-11-22,Bogor
2,2023-08-17,Jakarta
48,2023-03-04,Jakarta
31,2023-03-20,Bogor
37,2023-01-24,Tangerang
17,2023-12-09,Tangerang
43,2023-09-12,Tangerang
14,2023-08-07,Depok
9,2023-11-24,Tangerang
47,2023-08-09,Jakarta
17,2023-10-09,Tangerang
2,2023-09-15,Tangerang
47,2023-08-02,Tangerang
20,2023-08-22,Tangerang
31,2023-04-18,Tangerang
13,2023-01-22,Jakarta
33,2023-11-01,Tangerang
17,2023-07-02,Jakarta
11,2023-08-05,Tangerang
38,2023-04-25,Tangerang
43,2023-11-07,Bogor
20,2023-06-21,Tangerang
44,2023-05-01,Tangerang
33,2023-05-02,Jakarta
35,2023-12-27,Bogor
25,2023-11-19,Bogor
1,2023-05-15,Tangerang
22,2023-05-24,Jakarta
1,2023-10-14,Depok
43,2023-09-20,Depok
25,2023-08-02,Jakarta
13,2023-11-08,Jakarta
7,2023-12-24,Tangerang
41,2023-05-03,Depok
19,2023-11-06,Bogor
24,2023-06-27,Tangerang
3,2023-05-29,Bogor
14,2023-05-30,Tangerang
40,2023-07-21,Jakarta
25,2023-11-09,Tangerang
24,2023-05-01,Bogor
34,2023-11-30,Jakarta
29,2023-09-28,Bogor
11,2023-09-24,Depok
24,2023-03-08,Depok
4,2023-03-24,Depok
45,2023-06-18,Depok
23,2023-11-07,Depok
38,2023-01-01,Tangerang
28,2023-02-07,Tangerang
32,2023-12-10,Jakarta
42,2023-06-10,Depok
41,2023-10-22,Jakarta
34,2023-02-14,Jakarta
20,2023-02-03,Jakarta
14,2023-01-22,Tangerang
5,2023-06-02,Depok
36,2023-10-05,Bogor
42,2023-02-17,Bogor
16,2023-05-12,Tangerang
49,2023-06-17,Bogor
31,2023-01-21,Depok
25,2023-11-19,Jakarta
49,2023-12-24,Tangerang
1,2023-02-19,Bogor
15,2023-02-26,Depok
38,2023-03-07,Depok
3,2023-02-04,Tangerang
6,2023-11-13,Bogor
6,2023-02-24,Depok
31,2023-08-01,Jakarta
20,2023-11-23,Jakarta
15,2023-01-03,Bogor
34,2023-05-25,Bogor
42,2023-04-12,Tangerang
42,2023-10-22,Tangerang
31,2023-03-31,Depok
14,2023-01-05,Bogor
37,2023-12-15,Bogor
16,2023-02-28,Jakarta
15,2023-01-08,Depok
11,2023-05-09,Tangerang
32,2023-05-14,Depok
1,2023-11-01,Tangerang
32,2023-06-06,Jakarta
1,2023-09-21,Jakarta
19,2023-10-16,Bekasi
48,2023-07-17,Jakarta
41,2023-03-21,Depok
32,2023-06-20,Depok
9,2023-10-10,Tangerang
42,2023-12-10,Bogor
6,2023-02-22,Depok
7,2023-10-23,Depok
37,2023-05-04,Tangerang
11,2023-09-09,Bekasi
16,2023-07-24,Jakarta
20,2023-04-25,Bogor
1,2023-04-06,Bogor
46,2023-03-18,Bogor
5,2023-12-10,Depok
30,2023-05-21,Jakarta
47,2023-11-29,Jakarta
26,2023-08-26,Jakarta
35,2023-12-26,Tangerang
24,2023-06-25,Bogor
7,2023-09-08,Jakarta
37,2023-05-15,Bogor
6,2023-11-03,Jakarta
31,2023-05-11,Depok
4,2023-09-23,Jakarta
11,2023-06-21,Depok
32,2023-10-11,Bogor
29,2023-05-29,Jakarta
12,2023-03-09,Jakarta
42,2023-11-24,Tangerang
12,2023-02-22,Jakarta
35,2023-05-20,Jakarta
13,2023-04-25,Jakarta
43,2023-08-08,Bogor
15,2023-04-29,Jakarta
19,2023-04-20,Jakarta
3,2023-04-24,Jakarta
46,2023-09-25,Depok
1,2023-03-26,Tangerang
36,2023-04-19,Jakarta
32,2023-06-25,Tangerang
48,2023-09-24,Tangerang
47,2023-03-09,Bogor
38,2023-01-29,Tangerang
10,2023-01-24,Jakarta
24,2023-09-06,Depok
7,2023-09-19,Jakarta
13,2023-11-11,Bogor
41,2023-10-28,Tangerang
34,2023-06-21,Jakarta
1,2023-12-21,Jakarta
46,2023-06-29,Bogor
46,2023-11-17,Bogor
48,2023-09-10,Bogor
43,2023-03-09,Depok
24,2023-07-18,Bogor
13,2023-10-14,Jakarta
32,2023-02-16,Bogor
36,2023-04-14,Jakarta
18,2023-02-11,Depok
41,2023-08-03,Tangerang
36,2023-09-01,Bogor
36,2023-09-07,Jakarta
6,2023-04-14,Bogor
35,2023-03-19,Bogor
14,2023-01-18,Jakarta
34,2023-04-29,Bogor
32,2023-11-20,Bogor
14,2023-10-28,Tangerang
35,2023-04-18,Tangerang
4,2023-09-09,Jakarta
23,2023-04-01,Depok
10,2023-04-01,Depok
49,2023-11-20,Jakarta
3,2023-11-05,Bogor
10,2023-10-19,Jakarta
7,2023-12-21,Depok
45,2023-01-07,Jakarta
38,2023-01-05,Bogor
47,2023-02-01,Tangerang
32,2023-08-07,Tangerang
33,2023-08-26,Depok
41,2023-04-11,Jakarta
20,2023-05-22,Bogor
18,2023-08-01,Bogor
4,2023-10-17,Jakarta
40,2023-10-31,Depok
26,2023-05-03,Jakarta
50,2023-05-04,Bogor
11,2023-03-11,Depok
24,2023-06-18,Depok
46,2023-12-21,Jakarta
41,2023-01-05,Bogor
19,2023-04-18,Depok
12,2023-10-19,Depok
39,2023-02-08,Jakarta
14,2023-03-18,Bogor
20,2023-05-16,Tangerang
32,2023-11-27,Depok
1,2023-05-10,Tangerang
43,2023-09-26,Jakarta
49,2023-03-11,Jakarta
32,2023-10-13,Bogor
10,2023-12-08,Jakarta
40,2023-05-08,Jakarta
29,2023-02-21,Jakarta
5,2023-04-03,Tangerang
38,2023-02-21,Bogor
14,2023-03-03,Jakarta
30,2023-11-21,Bekasi
25,2023-09-19,Depok
50,2023-12-23,Depok
29,2023-11-07,Bogor
18,2023-03-01,Bekasi
19,2023-08-27,Tangerang
10,2023-05-04,Bogor
14,2023-10-23,Depok
34,2023-07-14,Jakarta
19,2023-05-12,Jakarta
37,2023-10-14,Bogor
46,2023-12-07,Tangerang
16,2023-09-29,Bogor
20,2023-08-02,Tangerang
48,2023-05-22,Bekasi
32,2023-01-26,Depok
2,2023-01-20,Bogor
23,2023-10-14,Jakarta
29,2023-04-21,Bogor
29,2023-08-15,Jakarta
1,2023-07-07,Jakarta
12,2023-10-27,Tangerang
47,2023-02-27,Bogor
9,2023-12-27,Tangerang
26,2023-03-04,Bogor
50,2023-06-05,Tangerang
16,2023-12-04,Tangerang
43,2023-03-31,Tangerang
35,2023-09-04,Tangerang
47,2023-09-01,Bogor
35,2023-12-12,Depok
9,2023-12-29,Depok
41,2023-03-29,Bogor
37,2023-07-08,Tangerang
36,2023-12-29,Depok
26,2023-03-20,Jakarta
7,2023-01-11,Depok
43,2023-03-22,Depok
25,2023-11-25,Bogor
38,2023-04-10,Tangerang
6,2023-10-22,Tangerang
33,2023-01-21,Bogor
47,2023-08-18,Bekasi
19,2023-02-14,Jakarta
46,2023-08-04,Depok
39,2023-02-14,Bogor
17,2023-02-05,Jakarta
38,2023-09-05,Bogor
38,2023-03-22,Jakarta
31,2023-06-02,Tangerang
38,2023-06-26,Depok
26,2023-12-12,Tangerang
7,2023-12-21,Tangerang
37,2023-10-11,Bogor
12,2023-08-21,Jakarta
37,2023-07-02,Jakarta
49,2023-04-16,Depok
3,2023-07-24,Tangerang
9,2023-04-18,Jakarta
48,2023-02-01,Tangerang
6,2023-06-26,Tangerang
40,2023-11-07,Bogor
6,2023-12-20,Tangerang
25,2023-09-26,Bogor
43,2023-11-18,Jakarta
14,2023-03-26,Tangerang
48,2023-04-16,Bogor
1,2023-05-12,Tangerang
41,2023-12-16,Tangerang
4,2023-08-06,Tangerang
45,2023-03-28,Bogor
40,2023-09-02,Bogor
49,2023-04-16,Jakarta
7,2023-03-11,Bogor
10,2023-05-13,Bogor
1,2023-11-25,Bogor
23,2023-03-03,Tangerang
33,2023-03-02,Bogor
49,2023-08-01,Tangerang
35,2023-03-06,Tangerang
9,2023-03-10,Bogor
25,2023-05-29,Depok
26,2023-02-07,Depok
43,2023-04-25,Bogor
1,2023-03-01,Depok
14,2023-12-12,Tangerang
41,2023-07-26,Bogor
42,2023-04-03,Tangerang
37,2023-08-19,Bogor
37,2023-01-29,Jakarta
42,2023-10-04,Tangerang
20,2023-12-19,Depok
25,2023-11-24,Bogor
42,2023-03-19,Tangerang
38,2023-03-01,Jakarta
30,2023-08-03,Tangerang
19,2023-05-11,Tangerang
42,2023-06-19,Bogor
26,2023-04-24,Depok
32,2023-03-19,Tangerang
9,2023-02-28,Depok
33,2023-12-13,Jakarta
9,2023-04-03,Bogor
34,2023-02-11,Tangerang
9,2023-12-13,Depok
9,2023-04-15,Bogor
3,2023-04-28,Depok
14,2023-07-08,Depok
41,2023-04-05,Tangerang
4,2023-07-31,Bogor
5,2023-06-03,Depok
28,2023-11-02,Depok
20,2023-08-23,Tangerang
17,2023-01-06,Tangerang
33,2023-09-26,Depok
38,2023-07-27,Bogor
26,2023-01-11,Tangerang
5,2023-11-11,Tangerang
28,2023-05-04,Bogor
36,2023-03-07,Bogor
30,2023-12-03,Jakarta
1,2023-11-15,Bogor
32,2023-08-21,Jakarta
46,2023-11-07,Bogor
2,2023-06-20,Bogor
34,2023-03-13,Bogor
6,2023-11-15,Depok
16,2023-07-08,Tangerang
24,2023-09-08,Depok
47,2023-07-14,Bogor
4,2023-07-19,Depok
41,2023-06-30,Jakarta
26,2023-11-10,Bogor
37,2023-08-30,Jakarta
26,2023-09-28,Depok
23,2023-12-07,Bogor
43,2023-06-21,Jakarta
13,2023-03-18,Tangerang
4,2023-02-21,Bogor
21,2023-02-18,Tangerang
5,2023-03-02,Jakarta
31,2023-01-19,Jakarta
11,2023-08-12,Tangerang
5,2023-06-05,Tangerang
26,2023-04-26,Tangerang
26,2023-12-31,Depok
5,2023-01-28,Tangerang
41,2023-04-27,Tangerang
48,2023-04-09,Bogor
6,2023-07-02,Bogor
20,2023-11-07,Depok
29,2023-11-22,Tangerang
19,2023-06-10,Depok
7,2023-12-04,Bogor
35,2023-03-19,Bogor
48,2023-11-24,Bogor
23,2023-06-20,Bogor
47,2023-08-17,Jakarta
33,2023-05-23,Tangerang
17,2023-05-19,Tangerang
7,2023-05-27,Bogor
20,2023-10-19,Depok
35,2023-04-22,Tangerang
33,2023-03-12,Jakarta
32,2023-07-08,Tangerang
38,2023-06-28,Depok
28,2023-10-04,Jakarta
1,2023-07-04,Jakarta
11,2023-09-25,Tangerang
40,2023-06-21,Bogor
28,2023-02-07,Bogor
45,2023-03-25,Tangerang
46,2023-08-10,Bogor
32,2023-01-09,Bogor
41,2023-03-26,Jakarta
31,2023-02-05,Tangerang
5,2023-11-29,Depok
41,2023-12-26,Bogor
5,2023-12-27,Jakarta
1,2023-10-31,Jakarta
41,2023-01-07,Tangerang
11,2023-09-23,Jakarta
9,2023-12-12,Depok
9,2023-09-09,Tangerang
20,2023-01-22,Depok
14,2023-04-06,Bogor
34,2023-08-24,Bogor
3,2023-04-05,Jakarta
7,2023-04-02,Jakarta
28,2023-05-23,Bogor
43,2023-11-12,Depok
50,2023-12-26,Depok
49,2023-11-23,Bogor
49,2023-05-23,Tangerang
14,2023-03-09,Tangerang
28,2023-12-20,Tangerang
9,2023-04-09,Jakarta
47,2023-03-20,Bogor
50,2023-10-26,Depok
4,2023-02-14,Jakarta
31,2023-08-13,Jakarta
26,2023-10-28,Tangerang
1,2023-01-16,Tangerang
50,2023-12-11,Bogor
9,2023-12-17,Bogor
44,2023-04-10,Depok
32,2023-10-14,Jakarta
26,2023-08-10,Jakarta
50,2023-03-17,Depok
37,2023-05-21,Jakarta
7,2023-08-18,Bogor
1,2023-01-29,Tangerang
42,2023-01-23,Depok
20,2023-09-28,Bogor
34,2023-04-02,Bogor
2,2023-07-02,Bogor
31,2023-12-01,Bogor
36,2023-12-15,Tangerang
14,2023-08-31,Tangerang
47,2023-06-25,Bogor
43,2023-02-13,Depok
46,2023-02-03,Bogor
41,2023-04-10,Bogor
47,2023-11-15,Jakarta
24,2023-08-02,Tangerang
23,2023-05-15,Bogor
36,2023-02-07,Jakarta
49,2023-08-06,Bogor
43,2023-08-06,Depok
32,2023-01-29,Tangerang
41,2023-07-17,Bekasi
48,2023-10-15,Tangerang
14,2023-02-13,Bogor
13,2023-07-26,Bogor
10,2023-09-21,Jakarta
15,2023-09-14,Tangerang
17,2023-11-17,Bogor
4,2023-07-17,Bogor
23,2023-11-20,Bekasi
43,2023-09-13,Tangerang
41,2023-08-23,Tangerang
32,2023-02-28,Tangerang
32,2023-12-09,Bogor
20,2023-12-03,Bogor
16,2023-12-11,Bogor
38,2023-10-23,Tangerang
44,2023-07-23,Jakarta
36,2023-08-23,Depok
7,2023-10-08,Jakarta
35,2023-03-05,Tangerang
41,2023-04-30,Jakarta
20,2023-05-13,Bogor
24,2023-10-05,Jakarta
38,2023-01-23,Bogor
9,2023-12-07,Depok
21,2023-12-09,Depok
41,2023-04-30,Bogor
15,2023-09-11,Jakarta
44,2023-03-08,Bogor
14,2023-03-28,Jakarta
16,2023-09-16,Jakarta
46,2023-03-26,Bogor
20,2023-02-20,Tangerang
44,2023-09-26,Jakarta
37,2023-06-20,Tangerang
37,2023-09-20,Tangerang
34,2023-12-26,Tangerang
13,2023-05-24,Bekasi
44,2023-08-25,Tangerang
29,2023-04-04,Bekasi
8,2023-10-08,Jakarta
24,2023-01-10,Tangerang
9,2023-12-31,Jakarta
43,2023-10-22,Bogor
42,2023-01-12,Depok
32,2023-05-12,Tangerang
47,2023-12-16,Tangerang
31,2023-04-09,Jakarta
4,2023-08-12,Tangerang
48,2023-01-29,Depok
35,2023-09-18,Tangerang
20,2023-02-26,Jakarta
6,2023-09-10,Depok
25,2023-02-16,Jakarta
2,2023-07-01,Tangerang
14,2023-02-23,Tangerang
4,2023-09-06,Tangerang
13,2023-04-28,Tangerang
38,2023-01-29,Depok
19,2023-04-12,Jakarta
13,2023-10-28,Jakarta
30,2023-04-17,Tangerang
13,2023-11-03,Tangerang
32,2023-01-05,Bogor
13,2023-11-29,Jakarta
46,2023-01-17,Jakarta
31,2023-02-15,Tangerang
26,2023-04-01,Bogor
50,2023-11-02,Tangerang
44,2023-02-22,Tangerang
14,2023-08-03,Jakarta
33,2023-06-12,Bogor
28,2023-11-03,Tangerang
8,2023-08-05,Bogor
45,2023-08-01,Bogor
3,2023-11-22,Jakarta
34,2023-01-27,Jakarta
41,2023-11-23,Jakarta
3,2023-01-07,Jakarta
34,2023-05-19,Bogor
36,2023-06-27,Depok
31,2023-01-09,Jakarta
36,2023-03-27,Jakarta
5,2023-02-14,Depok
5,2023-01-04,Bogor
34,2023-10-22,Jakarta
47,2023-07-23,Tangerang
1,2023-11-07,Jakarta
49,2023-11-29,Bogor
30,2023-09-05,Jakarta
23,2023-04-07,Jakarta
48,2023-05-04,Bekasi
34,2023-04-06,Jakarta
14,2023-03-18,Tangerang
43,2023-07-19,Bogor
38,2023-03-08,Jakarta
50,2023-09-19,Bogor
13,2023-04-19,Bogor
6,2023-06-25,Bogor
5,2023-09-07,Jakarta
38,2023-10-02,Tangerang
35,2023-10-25,Tangerang
43,2023-02-12,Tangerang
46,2023-05-08,Bogor
1,2023-02-22,Bogor
20,2023-03-30,Tangerang
20,2023-08-13,Jakarta
38,2023-04-02,Bogor
1,2023-03-10,Depok
34,2023-11-15,Jakarta
49,2023-05-30,Bogor
6,2023-04-22,Tangerang
6,2023-09-06,Depok
46,2023-04-14,Tangerang
41,2023-04-23,Tangerang
29,2023-02-20,Depok
4,2023-04-20,Depok
8,2023-08-01,Jakarta
1,2023-01-20,Jakarta
20,2023-03-21,Depok
47,2023-01-08,Bogor
48,2023-12-06,Bogor
48,2023-11-16,Jakarta
44,2023-05-28,Bogor
14,2023-08-30,Jakarta
18,2023-06-11,Jakarta
31,2023-11-19,Jakarta
12,2023-09-07,Depok
47,2023-06-23,Bogor
32,2023-11-06,Jakarta
38,2023-05-31,Depok
89,2023-10-29,Bogor
60,2023-06-13,Jakarta
68,2023-06-07,Bogor
76,2023-05-28,Bogor
89,2023-07-02,Depok
100,2023-02-11,Bogor
62,2023-09-23,Tangerang
93,2023-09-08,Tangerang
89,2023-04-04,Tangerang
77,2023-10-20,Bogor
86,2023-02-15,Bogor
57,2023-12-04,Depok
78,2023-12-30,Tangerang
76,2023-03-11,Jakarta
53,2023-06-29,Depok
92,2023-07-12,Jakarta
98,2023-12-23,Jakarta
83,2023-03-13,Tangerang
77,2023-04-18,Tangerang
89,2023-02-28,Bogor
98,2023-09-09,Tangerang
64,2023-02-15,Depok
88,2023-06-27,Tangerang
81,2023-08-06,Depok
55,2023-02-03,Jakarta
98,2023-07-10,Jakarta
87,2023-07-12,Bogor
51,2023-09-06,Bekasi
88,2023-12-23,Bogor
92,2023-05-02,Jakarta
60,2023-02-17,Bogor
76,2023-04-03,Jakarta
60,2023-04-30,Tangerang
76,2023-07-10,Bogor
100,2023-07-09,Depok
96,2023-06-23,Bogor
69,2023-09-02,Tangerang
64,2023-06-13,Jakarta
92,2023-04-27,Depok
79,2023-08-11,Tangerang
72,2023-03-31,Bogor
77,2023-12-19,Jakarta
55,2023-11-03,Depok
57,2023-04-03,Jakarta
95,2023-02-17,Bogor
66,2023-09-06,Tangerang
78,2023-10-01,Bogor
71,2023-10-31,Depok
99,2023-04-24,Bogor
79,2023-03-03,Jakarta
99,2023-08-08,Tangerang
82,2023-03-22,Jakarta
62,2023-09-07,Tangerang
60,2023-09-01,Depok
60,2023-06-26,Jakarta
81,2023-04-05,Tangerang
72,2023-06-07,Jakarta
99,2023-12-02,Jakarta
80,2023-08-31,Bogor
83,2023-04-04,Tangerang
89,2023-02-11,Jakarta
59,2023-06-17,Depok
83,2023-04-14,Depok
72,2023-10-06,Tangerang
89,2023-02-24,Tangerang
71,2023-04-12,Jakarta
77,2023-06-18,Jakarta
77,2023-02-09,Tangerang
73,2023-05-13,Jakarta
74,2023-10-29,Tangerang
90,2023-08-26,Jakarta
99,2023-11-29,Tangerang
59,2023-09-01,Jakarta
98,2023-08-14,Bogor
93,2023-10-08,Depok
52,2023-09-15,Tangerang
65,2023-06-27,Bekasi
87,2023-12-04,Jakarta
66,2023-03-08,Tangerang
82,2023-07-17,Depok
73,2023-05-04,Bogor
86,2023-07-11,Jakarta
67,2023-07-21,Jakarta
58,2023-05-03,Jakarta
71,2023-05-09,Tangerang
80,2023-11-14,Tangerang
83,2023-10-02,Jakarta
96,2023-06-01,Tangerang
87,2023-11-23,Tangerang
84,2023-08-05,Jakarta
58,2023-12-08,Jakarta
83,2023-09-18,Tangerang
76,2023-08-25,Bekasi
72,2023-09-11,Depok
58,2023-03-21,Bogor
70,2023-06-30,Jakarta
94,2023-07-28,Depok
98,2023-05-27,Depok
58,2023-02-02,Bogor
83,2023-03-30,Bogor
87,2023-10-03,Bogor
66,2023-12-22,Tangerang
84,2023-06-19,Tangerang
76,2023-08-09,Depok
57,2023-02-24,Bekasi
80,2023-08-27,Depok
92,2023-07-21,Tangerang
58,2023-12-17,Tangerang
72,2023-11-19,Jakarta
100,2023-03-18,Tangerang
53,2023-12-23,Jakarta
98,2023-03-24,Tangerang
65,2023-06-27,Tangerang
53,2023-10-15,Bogor
79,2023-07-03,Jakarta
97,2023-11-05,Jakarta
60,2023-09-05,Tangerang
94,2023-10-01,Tangerang
82,2023-04-30,Tangerang
82,2023-09-11,Depok
71,2023-08-03,Tangerang
87,2023-09-10,Bogor
87,2023-09-10,Tangerang
69,2023-04-07,Jakarta
100,2023-12-29,Depok
80,2023-06-07,Tangerang
100,2023-02-02,Depok
96,2023-02-19,Tangerang
86,2023-12-01,Tangerang
100,2023-02-13,Jakarta
76,2023-08-05,Tangerang
51,2023-08-17,Bogor
52,2023-04-20,Tangerang
87,2023-07-27,Bekasi
58,2023-11-22,Depok
99,2023-08-03,Jakarta
89,2023-02-11,Tangerang
55,2023-04-09,Jakarta
52,2023-02-22,Bogor
61,2023-10-19,Depok
61,2023-09-09,Tangerang
92,2023-05-28,Jakarta
82,2023-10-07,Jakarta
60,2023-11-23,Bogor
59,2023-02-01,Depok
83,2023-09-16,Depok
82,2023-08-08,Jakarta
84,2023-04-25,Depok
89,2023-07-16,Bekasi
55,2023-10-01,Depok
92,2023-10-09,Bogor
91,2023-09-01,Tangerang
66,2023-08-05,Tangerang
58,2023-05-03,Bogor
57,2023-05-06,Bogor
92,2023-09-23,Jakarta
83,2023-08-04,Bogor
52,2023-06-02,Bogor
82,2023-08-27,Depok
99,2023-03-26,Bogor
60,2023-04-06,Tangerang
57,2023-02-25,Depok
57,2023-03-20,Bekasi
95,2023-10-29,Jakarta
97,2023-09-23,Jakarta
74,2023-09-04,Jakarta
55,2023-08-23,Bogor
82,2023-12-16,Depok
76,2023-05-29,Bekasi
76,2023-10-24,Tangerang
77,2023-03-14,Jakarta
77,2023-07-30,Depok
87,2023-11-09,Bogor
92,2023-07-24,Bogor
97,2023-07-10,Jakarta
60,2023-06-30,Jakarta
60,2023-10-23,Bogor
76,2023-05-19,Jakarta
100,2023-07-01,Jakarta
74,2023-06-12,Tangerang
59,2023-09-03,Bogor
60,2023-10-31,Tangerang
96,2023-04-24,Tangerang
53,2023-10-15,Jakarta
58,2023-12-02,Bogor
52,2023-06-19,Tangerang
73,2023-03-16,Bogor
68,2023-03-25,Tangerang
97,2023-03-05,Jakarta
57,2023-07-21,Bogor
97,2023-08-09,Bogor
97,2023-04-07,Bogor
88,2023-09-07,Depok
58,2023-12-12,Depok
52,2023-07-02,Tangerang
54,2023-08-14,Bogor
81,2023-02-28,Jakarta
55,2023-06-27,Bogor
98,2023-04-01,Bogor
77,2023-09-12,Tangerang
86,2023-11-11,Jakarta
87,2023-09-15,Jakarta
100,2023-10-15,Bogor
68,2023-03-22,Depok
75,2023-11-23,Tangerang
79,2023-10-11,Tangerang
79,2023-09-20,Bogor
85,2023-09-30,Tangerang
63,2023-08-31,Tangerang
85,2023-03-12,Tangerang
60,2023-05-21,Bogor
78,2023-09-14,Bogor
77,2023-11-29,Depok
86,2023-12-13,Tangerang
92,2023-03-30,Bogor
57,2023-12-02,Tangerang
81,2023-06-19,Tangerang
60,2023-03-05,Depok
98,2023-08-22,Tangerang
60,2023-08-25,Depok
80,2023-05-27,Bogor
89,2023-10-16,Jakarta
99,2023-03-30,Tangerang
53,2023-05-23,Tangerang
60,2023-06-26,Tangerang
78,2023-06-07,Tangerang
76,2023-12-14,Bogor
52,2023-03-21,Tangerang
62,2023-05-09,Bogor
83,2023-06-29,Jakarta
92,2023-03-17,Jakarta
65,2023-06-26,Bogor
79,2023-10-25,Tangerang
76,2023-11-26,Jakarta
69,2023-08-15,Jakarta
68,2023-12-13,Bogor
81,2023-09-01,Depok
74,2023-10-07,Tangerang
84,2023-05-22,Jakarta
88,2023-08-14,Bogor
85,2023-08-27,Jakarta
82,2023-06-08,Jakarta
68,2023-02-22,Depok
80,2023-07-10,Bogor
57,2023-04-07,Depok
81,2023-08-05,Bekasi
69,2023-03-24,Depok
100,2023-05-21,Tangerang
60,2023-06-12,Jakarta
66,2023-02-26,Tangerang
80,2023-12-19,Bogor
99,2023-05-12,Depok
94,2023-05-07,Depok
76,2023-03-17,Bogor
79,2023-12-01,Tangerang
99,2023-12-26,Tangerang
86,2023-08-08,Tangerang
99,2023-09-01,Jakarta
69,2023-11-20,Bogor
92,2023-02-06,Tangerang
74,2023-03-15,Bogor
99,2023-08-02,Bogor
98,2023-11-26,Bogor
96,2023-09-24,Jakarta
75,2023-06-03,Tangerang
69,2023-07-16,Jakarta
82,2023-12-29,Depok
77,2023-10-27,Bekasi
66,2023-12-07,Bogor
94,2023-04-25,Tangerang
60,2023-09-12,Tangerang
92,2023-08-29,Tangerang
66,2023-10-07,Jakarta
86,2023-12-15,Tangerang
99,2023-03-08,Bogor
87,2023-06-10,Tangerang
98,2023-12-31,Bogor
57,2023-09-20,Depok
64,2023-08-07,Jakarta
84,2023-07-27,Jakarta
87,2023-04-07,Tangerang
71,2023-02-15,Jakarta
57,2023-09-15,Bekasi
96,2023-07-02,Depok
52,2023-08-27,Bogor
78,2023-11-28,Tangerang
60,2023-06-16,Jakarta
79,2023-04-11,Tangerang
69,2023-08-16,Tangerang
60,2023-10-03,Jakarta
91,2023-02-10,Bogor
59,2023-07-15,Tangerang
96,2023-08-28,Tangerang
53,2023-07-31,Bogor
86,2023-03-23,Bekasi
65,2023-05-07,Bogor
68,2023-03-30,Jakarta
69,2023-09-01,Bekasi
87,2023-11-05,Tangerang
83,2023-02-02,Jakarta
74,2023-02-25,Tangerang
88,2023-08-27,Bogor
80,2023-06-19,Tangerang
100,2023-08-07,Tangerang
64,2023-07-10,Depok
96,2023-07-11,Jakarta
60,2023-04-14,Bogor
90,2023-04-28,Bogor
85,2023-10-26,Depok
97,2023-05-01,Tangerang
93,2023-04-05,Depok
79,2023-02-22,Bogor
99,2023-04-20,Jakarta
91,2023-12-01,Bogor
84,2023-07-06,Tangerang
57,2023-07-10,Depok
71,2023-04-07,Bogor
63,2023-12-31,Jakarta
80,2023-04-10,Jakarta
97,2023-11-07,Tangerang
86,2023-07-12,Bogor
76,2023-04-19,Depok
57,2023-12-22,Depok
54,2023-08-04,Jakarta
92,2023-06-09,Bogor
100,2023-12-04,Depok
59,2023-08-12,Bogor
98,2023-07-06,Bogor
100,2023-08-11,Depok
76,2023-10-22,Jakarta
78,2023-07-24,Bogor
67,2023-06-09,Bogor
82,2023-09-12,Tangerang
53,2023-06-18,Bogor
82,2023-05-23,Jakarta
94,2023-06-11,Bogor
79,2023-08-27,Bogor
71,2023-07-04,Tangerang
52,2023-10-22,Jakarta
86,2023-10-01,Tangerang
93,2023-05-04,Bogor
64,2023-12-05,Jakarta
57,2023-11-19,Bogor
88,2023-10-08,Jakarta
88,2023-12-15,Depok
59,2023-06-10,Jakarta
100,2023-10-14,Tangerang
98,2023-03-07,Jakarta
60,2023-03-13,Jakarta
65,2023-08-04,Depok
92,2023-03-29,Bogor
53,2023-08-28,Bogor
57,2023-11-24,Bogor
55,2023-12-14,Bogor
60,2023-05-28,Bekasi
53,2023-12-30,Tangerang
97,2023-10-01,Tangerang
82,2023-08-27,Jakarta
52,2023-08-04,Tangerang
74,2023-09-12,Bogor
62,2023-04-03,Tangerang
87,2023-02-22,Jakarta
76,2023-08-19,Depok
68,2023-11-10,Bogor
78,2023-02-13,Bekasi
53,2023-10-26,Bogor
97,2023-05-29,Jakarta
64,2023-07-01,Tangerang
75,2023-09-17,Jakarta
54,2023-12-08,Tangerang
76,2023-08-29,Bekasi
60,2023-08-14,Depok
60,2023-10-20,Bogor
79,2023-04-08,Tangerang
86,2023-07-23,Tangerang
68,2023-02-27,Depok
96,2023-06-24,Jakarta
90,2023-10-08,Tangerang
69,2023-06-27,Tangerang
70,2023-08-28,Bogor
86,2023-05-03,Bogor
76,2023-02-19,Tangerang
58,2023-10-10,Tangerang
58,2023-10-30,Jakarta
52,2023-04-08,Jakarta
79,2023-11-12,Bogor
89,2023-03-26,Bogor
79,2023-11-20,Jakarta
92,2023-12-17,Tangerang
66,2023-02-24,Bogor
65,2023-07-04,Jakarta
57,2023-10-03,Jakarta
75,2023-05-02,Depok
64,2023-05-20,Jakarta
94,2023-05-25,Jakarta
86,2023-10-20,Jakarta
67,2023-06-03,Bogor
69,2023-04-24,Bogor
82,2023-10-25,Bekasi
88,2023-02-25,Depok
65,2023-09-08,Bekasi
99,2023-11-13,Bogor
54,2023-05-28,Bogor
92,2023-07-21,Tangerang
98,2023-06-24,Depok
100,2023-09-10,Jakarta
77,2023-03-01,Bogor
77,2023-04-30,Bogor
73,2023-09-16,Tangerang
94,2023-02-11,Jakarta
80,2023-07-18,Jakarta
71,2023-06-08,Jakarta
74,2023-06-23,Jakarta
98,2023-04-19,Bogor
85,2023-06-22,Jakarta
79,2023-06-19,Bogor
100,2023-08-10,Tangerang
62,2023-10-25,Jakarta
67,2023-06-09,Bekasi
76,2023-07-09,Bogor
79,2023-07-28,Jakarta
81,2023-09-05,Jakarta
60,2023-10-09,Bogor
67,2023-03-16,Tangerang
84,2023-03-22,Jakarta
92,2023-05-31,Bogor
62,2023-07-21,Depok
80,2023-03-25,Tangerang
89,2023-12-27,Depok
69,2023-07-21,Tangerang
71,2023-10-15,Depok
69,2023-10-15,Tangerang
81,2023-08-18,Depok
64,2023-10-30,Bogor
74,2023-08-17,Tangerang
97,2023-06-14,Depok
60,2023-10-06,Bogor
89,2023-02-20,Bogor
66,2023-06-16,Tangerang
70,2023-08-02,Bogor
87,2023-06-10,Tangerang
57,2023-07-14,Tangerang
75,2023-10-16,Jakarta
52,2023-03-01,Bogor
54,2023-09-23,Jakarta
78,2023-06-16,Depok
79,2023-02-11,Tangerang
58,2023-11-08,Bogor
65,2023-12-11,Tangerang
76,2023-05-11,Depok
98,2023-08-28,Tangerang
77,2023-06-20,Jakarta
81,2023-03-26,Tangerang
84,2023-02-06,Tangerang
58,2023-03-10,Tangerang
68,2023-06-14,Tangerang
71,2023-04-24,Depok
69,2023-03-09,Depok
86,2023-12-24,Bogor
60,2023-12-20,Depok
70,2023-06-26,Tangerang
57,2023-11-27,Bogor
89,2023-07-14,Depok
86,2023-02-27,Bogor
92,2023-09-11,Depok
60,2023-06-28,Jakarta
98,2023-10-11,Tangerang
82,2023-02-26,Tangerang
87,2023-11-04,Jakarta
58,2023-10-30,Tangerang
59,2023-12-04,Tangerang
100,2023-07-26,Tangerang
69,2023-08-31,Tangerang
54,2023-06-14,Jakarta
73,2023-08-18,Tangerang
98,2023-10-24,Bogor
68,2023-08-25,Jakarta
82,2023-10-03,Tangerang
87,2023-05-12,Depok
71,2023-09-26,Jakarta
85,2023-12-03,Bogor
97,2023-05-05,Bogor
94,2023-04-13,Bogor
95,2023-06-24,Bogor
75,2023-07-25,Tangerang
57,2023-08-31,Tangerang
57,2023-11-13,Bogor
99,2023-08-01,Jakarta
92,2023-12-01,Tangerang
86,2023-05-07,Tangerang
60,2023-02-22,Tangerang
100,2023-03-24,Bekasi
68,2023-06-14,Tangerang
79,2023-08-12,Jakarta
68,2023-11-08,Depok
58,2023-05-02,Jakarta
70,2023-08-03,Tangerang
99,2023-11-27,Tangerang
53,2023-02-21,Jakarta
93,2023-11-20,Depok
92,2023-08-29,Bogor
93,2023-04-13,Depok
80,2023-10-18,Tangerang
52,2023-09-28,Jakarta
70,2023-11-24,Jakarta
71,2023-08-14,Tangerang
79,2023-10-20,Jakarta
76,2023-10-19,Jakarta
62,2023-10-26,Tangerang
69,2023-08-28,Tangerang
70,2023-11-11,Tangerang
81,2023-10-12,Depok
62,2023-10-10,Jakarta
60,2023-05-22,Jakarta
59,2023-11-23,Tangerang
87,2023-09-04,Bogor
64,2023-12-11,Bogor
89,2023-05-29,Tangerang
75,2023-11-12,Bekasi
52,2023-07-08,Jakarta
93,2023-09-06,Depok
66,2023-03-18,Tangerang
88,2023-04-28,Tangerang
81,2023-11-27,Jakarta
52,2023-08-12,Bogor
87,2023-04-09,Bogor
79,2023-09-05,Jakarta
52,2023-05-31,Depok
99,2023-06-09,Bogor
98,2023-09-25,Bogor
65,2023-07-22,Depok
57,2023-12-04,Jakarta
77,2023-09-29,Depok
69,2023-05-05,Jakarta
59,2023-07-13,Tangerang
97,2023-12-17,Tangerang
99,2023-10-06,Jakarta
89,2023-10-21,Tangerang
89,2023-11-29,Tangerang
97,2023-04-08,Jakarta
65,2023-12-14,Bogor
66,2023-12-17,Jakarta
85,2023-11-10,Depok
92,2023-10-27,Bogor
80,2023-12-10,Tangerang
139,2023-09-30,Tangerang
120,2023-10-06,Jakarta
108,2023-11-16,Bogor
124,2023-11-25,Jakarta
137,2023-11-03,Bogor
121,2023-04-03,Depok
103,2023-12-01,Tangerang
141,2023-12-01,Bogor
124,2023-09-18,Jakarta
124,2023-05-17,Bogor
112,2023-11-07,Jakarta
114,2023-03-20,Bogor
141,2023-03-26,Depok
145,2023-03-23,Bogor
108,2023-09-20,Depok
135,2023-03-07,Depok
107,2023-03-04,Depok
144,2023-12-27,Depok
121,2023-06-10,Tangerang
108,2023-06-02,Tangerang
149,2023-04-23,Bogor
121,2023-04-10,Jakarta
145,2023-11-24,Jakarta
139,2023-05-15,Tangerang
131,2023-09-15,Jakarta
114,2023-12-19,Jakarta
110,2023-03-14,Depok
124,2023-03-31,Tangerang
145,2023-05-23,Tangerang
111,2023-10-22,Depok
127,2023-05-02,Depok
149,2023-09-04,Tangerang
143,2023-03-27,Bogor
108,2023-03-10,Jakarta
117,2023-10-27,Tangerang
139,2023-06-15,Jakarta
110,2023-10-05,Tangerang
150,2023-06-07,Jakarta
121,2023-09-12,Jakarta
111,2023-08-01,Bogor
103,2023-05-24,Bogor
139,2023-03-15,Bogor
141,2023-12-07,Bogor
141,2023-10-16,Tangerang
125,2023-12-13,Bogor
145,2023-06-28,Depok
117,2023-10-22,Jakarta
111,2023-05-19,Tangerang
141,2023-06-18,Jakarta
109,2023-05-18,Bogor
103,2023-05-05,Tangerang
103,2023-08-27,Jakarta
109,2023-04-24,Tangerang
120,2023-12-22,Jakarta
110,2023-09-04,Jakarta
149,2023-03-01,Depok
112,2023-03-18,Depok
145,2023-07-06,Bekasi
143,2023-09-21,Bogor
107,2023-10-05,Tangerang
120,2023-04-19,Bogor
150,2023-03-05,Bogor
112,2023-10-13,Tangerang
108,2023-04-06,Jakarta
120,2023-07-29,Jakarta
108,2023-03-26,Tangerang
109,2023-09-16,Tangerang
139,2023-11-04,Depok
150,2023-09-12,Jakarta
112,2023-03-11,Tangerang
141,2023-07-31,Jakarta
124,2023-06-01,Bogor
107,2023-04-21,Jakarta
139,2023-11-14,Jakarta
112,2023-06-11,Tangerang
103,2023-12-24,Bogor
139,2023-07-18,Tangerang
109,2023-09-17,Jakarta
138,2023-09-18,Bekasi
133,2023-06-23,Tangerang
144,2023-04-26,Tangerang
124,2023-11-14,Tangerang
146,2023-08-06,Jakarta
122,2023-09-01,Jakarta
120,2023-04-11,Jakarta
125,2023-03-17,Tangerang
149,2023-06-08,Tangerang
105,2023-05-30,Bekasi
140,2023-07-13,Jakarta
119,2023-04-06,Depok
142,2023-05-04,Depok
147,2023-08-06,Depok
103,2023-06-08,Jakarta
129,2023-10-12,Jakarta
121,2023-04-09,Bogor
149,2023-10-27,Bogor
124,2023-06-21,Bogor
119,2023-11-01,Tangerang
136,2023-03-10,Jakarta
110,2023-08-12,Tangerang
118,2023-04-22,Bogor
129,2023-06-06,Jakarta
127,2023-06-10,Depok
125,2023-07-12,Bogor
144,2023-10-06,Jakarta
146,2023-11-21,Depok
150,2023-03-01,Jakarta
136,2023-04-15,Bogor
108,2023-08-30,Jakarta
112,2023-11-17,Bogor
124,2023-06-17,Jakarta
126,2023-09-29,Depok
135,2023-03-19,Jakarta
137,2023-04-12,Depok
103,2023-04-09,Bekasi
143,2023-08-08,Tangerang
144,2023-05-04,Bogor
119,2023-11-08,Tangerang
145,2023-06-25,Bogor
148,2023-11-09,Tangerang
127,2023-10-24,Bogor
133,2023-03-24,Bogor
143,2023-03-27,Bogor
109,2023-08-29,Bogor
142,2023-12-03,Tangerang
137,2023-05-22,Depok
138,2023-11-05,Tangerang
134,2023-05-03,Jakarta
119,2023-08-09,Bogor
121,2023-05-24,Bogor
149,2023-06-22,Bogor
119,2023-09-08,Tangerang
116,2023-11-05,Bogor
111,2023-11-20,Tangerang
106,2023-09-17,Jakarta
108,2023-04-10,Bogor
138,2023-10-23,Bogor
138,2023-12-24,Tangerang
106,2023-08-04,Jakarta
129,2023-10-23,Tangerang
144,2023-03-30,Jakarta
108,2023-10-18,Jakarta
121,2023-10-17,Jakarta
120,2023-03-01,Tangerang
127,2023-10-13,Bekasi
136,2023-08-17,Depok
120,2023-12-17,Jakarta
134,2023-12-24,Depok
125,2023-05-31,Bogor
133,2023-12-03,Tangerang
105,2023-10-06,Tangerang
120,2023-10-18,Jakarta
144,2023-03-29,Depok
139,2023-10-05,Jakarta
128,2023-05-05,Tangerang
139,2023-06-05,Bogor
138,2023-08-03,Bogor
108,2023-09-30,Bogor
107,2023-10-29,Bogor
110,2023-05-08,Tangerang
103,2023-09-30,Tangerang
131,2023-08-07,Bogor
135,2023-12-25,Bogor
117,2023-09-21,Bogor
108,2023-07-08,Tangerang
141,2023-09-26,Bekasi
105,2023-05-04,Depok
138,2023-09-21,Bogor
145,2023-08-15,Tangerang
149,2023-03-05,Depok
143,2023-03-31,Bogor
127,2023-08-26,Tangerang
108,2023-07-10,Depok
134,2023-07-03,Jakarta
144,2023-12-19,Bogor
134,2023-09-05,Depok
149,2023-10-17,Jakarta
111,2023-11-08,Tangerang
121,2023-10-16,Tangerang
112,2023-08-29,Jakarta
136,2023-03-15,Depok
145,2023-04-04,Depok
150,2023-12-04,Bogor
147,2023-10-06,Jakarta
101,2023-05-12,Jakarta
106,2023-09-01,Bekasi
125,2023-04-19,Tangerang
146,2023-07-06,Tangerang
141,2023-06-09,Bogor
148,2023-12-14,Bogor
124,2023-08-24,Tangerang
120,2023-12-31,Jakarta
108,2023-11-11,Bogor
137,2023-04-18,Bogor
129,2023-04-28,Tangerang
147,2023-10-19,Bogor
129,2023-06-16,Bogor
108,2023-05-18,Jakarta
128,2023-04-03,Tangerang
103,2023-05-20,Depok
123,2023-12-09,Jakarta
120,2023-09-04,Bekasi
112,2023-09-10,Tangerang
143,2023-10-26,Bogor
110,2023-06-03,Jakarta
150,2023-03-14,Bogor
106,2023-08-17,Tangerang
145,2023-12-09,Jakarta
120,2023-11-26,Tangerang
133,2023-05-11,Tangerang
142,2023-09-15,Tangerang
108,2023-10-23,Tangerang
150,2023-09-04,Bogor
136,2023-09-05,Bogor
149,2023-11-21,Bogor
104,2023-07-26,Depok
144,2023-04-12,Bogor
133,2023-11-28,Bogor
101,2023-05-17,Bogor
111,2023-06-30,Bekasi
110,2023-09-22,Depok
143,2023-06-09,Bogor
112,2023-09-21,Depok
103,2023-07-26,Jakarta
145,2023-06-14,Jakarta
114,2023-09-26,Tangerang
101,2023-11-18,Bogor
120,2023-12-17,Depok
137,2023-04-09,Bogor
149,2023-11-27,Bogor
136,2023-09-03,Jakarta
139,2023-11-21,Tangerang
133,2023-05-05,Depok
101,2023-10-03,Jakarta
107,2023-05-14,Bogor
141,2023-08-14,Jakarta
146,2023-11-08,Bogor
140,2023-08-04,Depok
148,2023-11-12,Bogor
116,2023-08-14,Jakarta
144,2023-03-27,Jakarta
113,2023-03-10,Bogor
129,2023-09-22,Tangerang
131,2023-11-11,Bogor
141,2023-06-22,Jakarta
109,2023-11-07,Bogor
103,2023-04-28,Jakarta
118,2023-05-24,Bogor
124,2023-06-25,Bekasi
133,2023-12-23,Bogor
135,2023-03-05,Bogor
122,2023-12-12,Bogor
114,2023-12-15,Bogor
103,2023-09-26,Bogor
144,2023-05-28,Depok
109,2023-03-02,Bogor
149,2023-04-07,Jakarta
107,2023-08-26,Tangerang
140,2023-12-08,Bogor
133,2023-08-28,Jakarta
112,2023-10-19,Jakarta
130,2023-03-10,Depok
101,2023-09-05,Bogor
124,2023-05-11,Tangerang
140,2023-11-26,Jakarta
135,2023-09-03,Jakarta
136,2023-05-20,Tangerang
133,2023-11-22,Bogor
144,2023-06-21,Bogor
119,2023-04-22,Bogor
147,2023-04-03,Depok
111,2023-05-26,Jakarta
138,2023-11-26,Depok
147,2023-11-20,Tangerang
112,2023-09-24,Depok
128,2023-06-09,Tangerang
141,2023-08-28,Bogor
122,2023-12-01,Tangerang
141,2023-05-25,Jakarta
114,2023-05-08,Tangerang
119,2023-10-20,Jakarta
122,2023-03-02,Jakarta
136,2023-06-22,Tangerang
141,2023-06-28,Jakarta
107,2023-03-09,Depok
149,2023-07-29,Tangerang
119,2023-09-19,Bogor
142,2023-04-12,Jakarta
108,2023-03-03,Depok
110,2023-06-06,Jakarta
138,2023-08-09,Depok
120,2023-05-09,Jakarta
111,2023-04-16,Tangerang
102,2023-09-09,Bogor
121,2023-06-16,Depok
143,2023-07-24,Jakarta
135,2023-11-28,Jakarta
101,2023-04-09,Bogor
109,2023-12-01,Tangerang
149,2023-03-15,Depok
143,2023-08-05,Depok
103,2023-11-05,Bogor
108,2023-06-02,Depok
106,2023-07-17,Bogor
135,2023-10-09,Tangerang
143,2023-04-15,Jakarta
103,2023-06-30,Tangerang
134,2023-06-03,Jakarta
145,2023-03-28,Tangerang
145,2023-06-10,Bogor
145,2023-06-18,Tangerang
136,2023-09-14,Jakarta
131,2023-05-07,Jakarta
130,2023-12-26,Tangerang
110,2023-12-12,Jakarta
114,2023-05-01,Bogor
143,2023-10-26,Tangerang
150,2023-09-30,Tangerang
109,2023-03-17,Depok
148,2023-11-02,Bekasi
117,2023-06-13,Tangerang
109,2023-04-27,Jakarta
113,2023-12-02,Jakarta
141,2023-04-18,Jakarta
109,2023-12-25,Jakarta
114,2023-06-07,Jakarta
119,2023-08-12,Bekasi
108,2023-06-23,Jakarta
131,2023-05-24,Tangerang
126,2023-09-08,Jakarta
128,2023-09-24,Bogor
119,2023-05-24,Jakarta
142,2023-06-03,Tangerang
149,2023-05-31,Bogor
138,2023-09-28,Bogor
133,2023-04-17,Tangerang
109,2023-11-28,Bogor
125,2023-08-05,Tangerang
139,2023-09-07,Tangerang
115,2023-07-27,Bogor
124,2023-12-08,Bogor
144,2023-12-13,Jakarta
143,2023-10-07,Bogor
106,2023-07-29,Bogor
108,2023-04-08,Bogor
113,2023-07-11,Jakarta
111,2023-05-23,Tangerang
108,2023-07-24,Tangerang
138,2023-10-20,Bogor
145,2023-08-14,Tangerang
102,2023-03-13,Tangerang
110,2023-05-17,Depok
108,2023-04-30,Jakarta
128,2023-03-22,Jakarta
111,2023-03-27,Jakarta
119,2023-09-21,Depok
101,2023-06-14,Bekasi
101,2023-12-02,Tangerang
114,2023-12-30,Bogor
134,2023-11-14,Bogor
104,2023-04-25,Depok
117,2023-09-18,Tangerang
105,2023-04-23,Depok
143,2023-08-11,Jakarta
133,2023-09-20,Jakarta
126,2023-06-20,Tangerang
120,2023-11-27,Tangerang
142,2023-04-17,Tangerang
133,2023-06-06,Bogor
147,2023-04-09,Depok
142,2023-07-29,Depok
139,2023-07-12,Tangerang
150,2023-11-03,Tangerang
134,2023-09-28,Bogor
108,2023-12-14,Tangerang
147,2023-12-06,Bogor
134,2023-12-14,Bogor
103,2023-06-27,Bogor
131,2023-04-24,Bogor
103,2023-09-14,Bogor
101,2023-08-14,Tangerang
144,2023-03-25,Tangerang
128,2023-12-24,Tangerang
108,2023-04-19,Bogor
127,2023-04-06,Depok
130,2023-04-29,Bogor
140,2023-12-02,Depok
108,2023-09-19,Tangerang
144,2023-11-05,Bogor
112,2023-12-06,Depok
120,2023-04-08,Bekasi
103,2023-09-26,Bekasi
107,2023-11-21,Jakarta
126,2023-11-25,Tangerang
107,2023-06-26,Jakarta
103,2023-10-17,Bogor
107,2023-10-23,Bogor
135,2023-04-13,Bogor
137,2023-06-15,Bogor
129,2023-12-13,Jakarta
105,2023-05-14,Bogor
145,2023-09-24,Tangerang
104,2023-06-08,Tangerang
150,2023-05-01,Bogor
141,2023-11-19,Bogor
141,2023-10-18,Bogor
145,2023-11-28,Tangerang
149,2023-09-30,Tangerang
120,2023-06-21,Jakarta
125,2023-10-09,Depok
126,2023-04-14,Depok
144,2023-08-16,Jakarta
118,2023-06-13,Bogor
111,2023-09-06,Tangerang
140,2023-09-23,Bogor
136,2023-03-15,Depok
108,2023-06-18,Bogor
111,2023-12-08,Bogor
104,2023-06-29,Jakarta
108,2023-05-30,Tangerang
145,2023-04-16,Tangerang
118,2023-12-03,Bogor
106,2023-06-01,Bogor
139,2023-05-08,Jakarta
103,2023-08-24,Tangerang
129,2023-06-30,Tangerang
120,2023-09-15,Tangerang
136,2023-03-14,Jakarta
103,2023-04-20,Tangerang
138,2023-11-29,Bekasi
114,2023-04-14,Jakarta
133,2023-03-11,Depok
114,2023-09-19,Jakarta
127,2023-09-23,Depok
111,2023-08-13,Bogor
103,2023-07-16,Jakarta
136,2023-04-24,Jakarta
114,2023-03-28,Jakarta
112,2023-11-27,Jakarta
145,2023-05-08,Depok
108,2023-09-22,Tangerang
129,2023-07-03,Jakarta
128,2023-04-01,Jakarta
126,2023-10-03,Bogor
121,2023-09-01,Bekasi
143,2023-10-21,Tangerang
136,2023-05-11,Tangerang
119,2023-04-13,Bekasi
121,2023-11-15,Tangerang
109,2023-09-12,Tangerang
114,2023-10-03,Jakarta
121,2023-06-09,Jakarta
124,2023-05-13,Tangerang
103,2023-11-04,Tangerang
148,2023-07-23,Bekasi
108,2023-03-12,Jakarta
145,2023-09-04,Bogor
109,2023-08-10,Depok
147,2023-12-19,Bogor
106,2023-05-20,Bogor
143,2023-10-08,Tangerang
149,2023-06-15,Depok
140,2023-08-26,Bogor
148,2023-05-11,Jakarta
140,2023-04-07,Bekasi
143,2023-08-03,Tangerang
108,2023-06-06,Jakarta
108,2023-03-04,Bogor
141,2023-07-21,Jakarta
108,2023-09-05,Jakarta
147,2023-06-12,Jakarta
131,2023-05-30,Bogor
133,2023-12-04,Jakarta
116,2023-08-31,Tangerang
135,2023-10-23,Jakarta
107,2023-07-05,Depok
106,2023-09-13,Bogor
115,2023-05-12,Jakarta
120,2023-06-16,Depok
113,2023-07-04,Bogor
139,2023-12-01,Jakarta
118,2023-06-22,Jakarta
133,2023-04-03,Depok
141,2023-04-10,Depok
141,2023-10-16,Bogor
120,2023-05-11,Jakarta
143,2023-08-21,Depok
142,2023-09-13,Tangerang
108,2023-08-13,Jakarta
101,2023-03-07,Depok
133,2023-07-14,Depok
109,2023-11-04,Tangerang
141,2023-10-17,Bogor
103,2023-03-16,Bogor
105,2023-03-23,Bogor
148,2023-05-27,Depok
118,2023-09-11,Tangerang
133,2023-08-21,Bogor
157,2023-10-31,Tangerang
193,2023-09-07,Depok
195,2023-05-20,Tangerang
189,2023-05-02,Tangerang
172,2023-06-09,Bogor
151,2023-08-21,Bogor
194,2023-04-28,Tangerang
167,2023-12-24,Tangerang
198,2023-09-04,Jakarta
196,2023-10-15,Jakarta
175,2023-08-10,Jakarta
189,2023-12-13,Bekasi
169,2023-10-20,Jakarta
191,2023-05-07,Tangerang
190,2023-07-11,Bogor
154,2023-04-12,Bogor
186,2023-11-01,Bogor
177,2023-10-10,Bogor
169,2023-07-06,Depok
187,2023-06-11,Bogor
188,2023-11-05,Depok
163,2023-09-22,Depok
200,2023-08-25,Tangerang
159,2023-11-12,Tangerang
178,2023-09-06,Bogor
185,2023-11-08,Depok
170,2023-09-19,Bogor
152,2023-10-04,Depok
189,2023-09-18,Tangerang
176,2023-04-12,Depok
165,2023-06-30,Bogor
164,2023-05-29,Jakarta
153,2023-08-05,Bogor
200,2023-06-23,Bogor
199,2023-06-15,Bogor
158,2023-04-01,Tangerang
179,2023-05-15,Tangerang
181,2023-12-17,Tangerang
159,2023-06-09,Tangerang
180,2023-06-22,Tangerang
199,2023-07-24,Tangerang
183,2023-12-11,Tangerang
157,2023-09-21,Bogor
193,2023-08-07,Bogor
195,2023-05-01,Jakarta
153,2023-10-12,Jakarta
186,2023-09-02,Depok
168,2023-12-22,Jakarta
177,2023-11-20,Jakarta
154,2023-06-03,Bogor
169,2023-11-04,Jakarta
165,2023-05-18,Bogor
180,2023-10-18,Bogor
155,2023-04-10,Depok
200,2023-06-24,Depok
189,2023-06-27,Tangerang
199,2023-07-06,Tangerang
165,2023-12-05,Jakarta
169,2023-12-02,Jakarta
177,2023-04-25,Tangerang
193,2023-06-22,Tangerang
152,2023-12-22,Jakarta
178,2023-05-26,Jakarta
165,2023-05-01,Jakarta
176,2023-10-17,Tangerang
165,2023-06-25,Jakarta
198,2023-06-11,Jakarta
174,2023-04-14,Jakarta
196,2023-12-19,Tangerang
154,2023-04-04,Tangerang
153,2023-11-16,Tangerang
194,2023-06-02,Jakarta
196,2023-12-11,Bogor
172,2023-12-25,Jakarta
180,2023-12-14,Tangerang
196,2023-10-17,Depok
157,2023-04-28,Bogor
163,2023-10-03,Tangerang
200,2023-12-31,Bogor
159,2023-05-29,Tangerang
176,2023-08-29,Tangerang
200,2023-04-25,Bogor
178,2023-06-06,Bogor
179,2023-11-16,Tangerang
152,2023-04-20,Bogor
188,2023-07-13,Bogor
163,2023-11-28,Bogor
151,2023-10-31,Depok
188,2023-04-14,Tangerang
197,2023-04-09,Tangerang
185,2023-08-03,Depok
170,2023-10-25,Depok
187,2023-12-05,Depok
173,2023-08-14,Tangerang
197,2023-06-06,Bogor
167,2023-05-23,Tangerang
190,2023-11-20,Bogor
168,2023-10-23,Bogor
186,2023-11-12,Bogor
173,2023-12-11,Bogor
172,2023-09-02,Tangerang
177,2023-05-05,Tangerang
180,2023-09-23,Jakarta
196,2023-04-23,Depok
152,2023-06-04,Jakarta
153,2023-07-15,Depok
158,2023-05-29,Bekasi
158,2023-05-16,Bogor
193,2023-10-12,Bogor
171,2023-07-04,Depok
185,2023-10-29,Tangerang
180,2023-10-26,Bogor
180,2023-04-10,Tangerang
192,2023-10-30,Bogor
194,2023-10-28,Depok
194,2023-12-14,Tangerang
158,2023-11-05,Bogor
194,2023-11-27,Jakarta
172,2023-08-20,Jakarta
152,2023-05-08,Bogor
198,2023-12-17,Tangerang
151,2023-08-26,Bogor
159,2023-09-05,Tangerang
196,2023-07-02,Bogor
179,2023-09-02,Tangerang
174,2023-06-30,Tangerang
186,2023-11-16,Depok
185,2023-08-25,Depok
190,2023-05-12,Bekasi
151,2023-09-22,Depok
155,2023-11-16,Bogor
195,2023-06-09,Depok
187,2023-09-02,Bogor
193,2023-06-14,Jakarta
167,2023-09-07,Bogor
180,2023-11-20,Jakarta
152,2023-05-11,Bogor
200,2023-06-29,Tangerang
199,2023-11-11,Bogor
199,2023-08-29,Tangerang
165,2023-06-09,Bogor
158,2023-09-21,Bogor
188,2023-04-22,Bekasi
164,2023-07-16,Bogor
193,2023-04-11,Jakarta
187,2023-10-08,Tangerang
199,2023-07-23,Depok
172,2023-05-03,Tangerang
194,2023-06-10,Jakarta
161,2023-09-13,Jakarta
195,2023-09-12,Jakarta
177,2023-10-02,Tangerang
172,2023-10-11,Bogor
167,2023-05-14,Jakarta
179,2023-10-22,Bogor
190,2023-11-24,Bogor
174,2023-12-29,Depok
185,2023-08-10,Bogor
188,2023-07-30,Bogor
151,2023-12-05,Bogor
187,2023-10-15,Tangerang
163,2023-05-20,Tangerang
159,2023-04-28,Bogor
161,2023-08-23,Jakarta
164,2023-04-22,Tangerang
196,2023-05-19,Jakarta
180,2023-05-28,Depok
193,2023-05-20,Bogor
200,2023-05-04,Tangerang
170,2023-10-09,Tangerang
193,2023-04-22,Jakarta
174,2023-12-28,Depok
196,2023-08-18,Bogor
191,2023-10-27,Depok
195,2023-07-11,Tangerang
180,2023-09-07,Depok
163,2023-06-14,Bogor
161,2023-09-20,Bogor
179,2023-04-05,Bogor
192,2023-11-03,Jakarta
153,2023-10-23,Jakarta
167,2023-11-28,Bogor
192,2023-04-03,Jakarta
154,2023-10-10,Bogor
186,2023-11-01,Jakarta
173,2023-05-12,Tangerang
173,2023-04-19,Tangerang
163,2023-04-18,Jakarta
153,2023-07-09,Jakarta
167,2023-07-26,Depok
197,2023-11-28,Jakarta
158,2023-08-28,Depok
180,2023-12-18,Jakarta
192,2023-12-03,Tangerang
191,2023-09-02,Depok
158,2023-07-25,Tangerang
158,2023-06-05,Tangerang
197,2023-10-18,Tangerang
193,2023-12-16,Jakarta
186,2023-06-22,Jakarta
176,2023-11-07,Tangerang
165,2023-09-21,Tangerang
184,2023-07-01,Bogor
152,2023-04-26,Depok
170,2023-04-23,Bogor
166,2023-07-31,Bogor
174,2023-10-03,Depok
170,2023-08-01,Tangerang
194,2023-09-28,Depok
188,2023-08-19,Depok
181,2023-06-24,Depok
174,2023-08-10,Depok
153,2023-11-22,Bogor
178,2023-09-29,Depok
184,2023-04-04,Jakarta
195,2023-05-31,Bogor
180,2023-04-15,Bogor
170,2023-11-07,Depok
164,2023-06-25,Jakarta
185,2023-08-10,Bogor
175,2023-06-11,Tangerang
177,2023-07-26,Depok
178,2023-11-24,Tangerang
190,2023-11-28,Bogor
175,2023-09-30,Depok
199,2023-08-21,Depok
200,2023-12-24,Tangerang
165,2023-06-23,Tangerang
194,2023-09-15,Bogor
195,2023-08-05,Depok
168,2023-06-30,Tangerang
161,2023-06-06,Bogor
177,2023-05-28,Bogor
195,2023-09-27,Depok
172,2023-09-29,Bogor
185,2023-05-03,Tangerang
174,2023-09-24,Jakarta
163,2023-04-02,Bogor
178,2023-07-04,Tangerang
156,2023-11-25,Depok
170,2023-06-18,Bogor
164,2023-08-04,Depok
180,2023-11-20,Tangerang
197,2023-11-04,Tangerang
191,2023-05-21,Jakarta
199,2023-06-27,Bogor
192,2023-10-29,Tangerang
192,2023-08-26,Depok
151,2023-05-28,Jakarta
160,2023-06-19,Bekasi
198,2023-05-30,Jakarta
180,2023-06-17,Jakarta
167,2023-12-14,Bogor
168,2023-05-16,Jakarta
152,2023-12-04,Tangerang
173,2023-09-21,Jakarta
191,2023-12-26,Jakarta
193,2023-12-05,Depok
197,2023-08-30,Bogor
190,2023-06-11,Bogor
200,2023-07-04,Tangerang
195,2023-06-24,Tangerang
179,2023-08-06,Jakarta
185,2023-08-12,Bekasi
169,2023-04-11,Jakarta
197,2023-06-05,Depok
189,2023-11-07,Bogor
167,2023-12-13,Tangerang
190,2023-04-24,Depok
196,2023-06-06,Tangerang
174,2023-05-01,Jakarta
179,2023-08-31,Jakarta
177,2023-08-17,Jakarta
194,2023-11-07,Bogor
179,2023-05-16,Bogor
154,2023-07-30,Jakarta
155,2023-08-24,Jakarta
155,2023-08-26,Tangerang
168,2023-08-18,Tangerang
174,2023-08-06,Depok
169,2023-11-29,Tangerang
159,2023-04-05,Tangerang
193,2023-12-24,Tangerang
200,2023-09-19,Bogor
179,2023-07-01,Jakarta
195,2023-08-12,Jakarta
169,2023-12-20,Bogor
172,2023-08-23,Tangerang
193,2023-06-10,Tangerang
189,2023-07-14,Jakarta
189,2023-04-11,Tangerang
193,2023-11-03,Depok
177,2023-11-08,Jakarta
185,2023-06-22,Jakarta
191,2023-04-15,Bogor
170,2023-05-03,Bogor
190,2023-11-10,Tangerang
157,2023-09-14,Tangerang
189,2023-12-28,Jakarta
192,2023-10-24,Bogor
184,2023-04-04,Tangerang
197,2023-05-13,Depok
174,2023-11-29,Tangerang
161,2023-11-15,Bogor
170,2023-05-16,Jakarta
176,2023-11-04,Tangerang
176,2023-11-29,Tangerang
152,2023-09-02,Tangerang
175,2023-08-12,Bogor
198,2023-04-26,Bogor
153,2023-07-16,Bogor
189,2023-10-13,Tangerang
153,2023-04-11,Bogor
192,2023-08-30,Tangerang
187,2023-12-19,Bogor
193,2023-04-22,Bogor
196,2023-08-06,Tangerang
161,2023-12-15,Jakarta
199,2023-12-04,Bogor
181,2023-05-04,Bogor
190,2023-08-28,Bogor
159,2023-12-30,Depok
159,2023-08-08,Tangerang
173,2023-06-26,Bogor
190,2023-08-01,Bogor
155,2023-09-21,Tangerang
172,2023-10-18,Bekasi
191,2023-07-25,Depok
199,2023-11-25,Depok
177,2023-06-07,Tangerang
189,2023-05-19,Depok
165,2023-04-02,Bogor
170,2023-12-21,Bogor
182,2023-05-16,Jakarta
154,2023-05-17,Tangerang
192,2023-12-10,Tangerang
167,2023-05-25,Bogor
197,2023-08-14,Depok
200,2023-05-26,Tangerang
169,2023-10-26,Bogor
181,2023-11-12,Depok
190,2023-06-16,Depok
176,2023-10-03,Bogor
193,2023-11-15,Bogor
196,2023-09-22,Jakarta
173,2023-10-20,Depok
151,2023-10-14,Jakarta
186,2023-10-26,Depok
179,2023-06-30,Tangerang
193,2023-08-25,Tangerang
189,2023-10-16,Bogor
167,2023-05-13,Depok
180,2023-12-12,Tangerang
198,2023-04-20,Jakarta
158,2023-12-28,Jakarta
173,2023-05-27,Jakarta
167,2023-07-10,Bogor
174,2023-10-05,Jakarta
179,2023-10-29,Depok
178,2023-07-27,Bogor
158,2023-08-14,Bogor
155,2023-10-11,Jakarta
193,2023-05-12,Tangerang
180,2023-04-25,Tangerang
169,2023-10-18,Jakarta
180,2023-09-18,Tangerang
155,2023-07-03,Bogor
161,2023-12-15,Depok
191,2023-08-03,Bogor
190,2023-11-01,Depok
167,2023-09-08,Depok
189,2023-07-21,Bogor
189,2023-09-17,Jakarta
197,2023-09-02,Bogor
200,2023-07-07,Tangerang
175,2023-04-27,Bogor
186,2023-10-05,Bogor
170,2023-04-17,Jakarta
177,2023-07-09,Bogor
155,2023-05-14,Bogor
155,2023-05-17,Depok
152,2023-12-14,Tangerang
164,2023-08-10,Tangerang
173,2023-08-30,Bogor
188,2023-12-13,Depok
179,2023-07-26,Bogor
186,2023-09-04,Depok
169,2023-07-30,Tangerang
190,2023-10-11,Tangerang
151,2023-04-01,Jakarta
166,2023-05-15,Bogor
170,2023-06-19,Bogor
154,2023-05-05,Jakarta
193,2023-04-29,Jakarta
180,2023-08-23,Bogor
179,2023-08-25,Bogor
199,2023-07-04,Tangerang
188,2023-09-28,Tangerang
187,2023-08-05,Bogor
168,2023-09-28,Tangerang
199,2023-04-02,Depok
157,2023-11-11,Jakarta
153,2023-11-19,Tangerang
174,2023-09-11,Depok
167,2023-04-20,Jakarta
191,2023-09-17,Tangerang
197,2023-12-10,Jakarta
197,2023-06-14,Bogor
199,2023-11-03,Jakarta
155,2023-08-29,Tangerang
182,2023-08-02,Jakarta
174,2023-09-22,Jakarta
196,2023-08-14,Tangerang
186,2023-05-07,Tangerang
176,2023-11-06,Jakarta
200,2023-07-18,Depok
199,2023-09-15,Bogor
178,2023-05-02,Bogor
154,2023-10-31,Bogor
165,2023-04-20,Jakarta
192,2023-12-26,Jakarta
193,2023-07-19,Jakarta
165,2023-05-04,Bogor
177,2023-10-30,Bogor
167,2023-10-27,Depok
152,2023-08-14,Bogor
158,2023-12-07,Jakarta
194,2023-12-13,Tangerang
191,2023-04-16,Bogor
161,2023-06-22,Tangerang
158,2023-04-20,Jakarta
192,2023-08-05,Jakarta
185,2023-07-14,Bogor
169,2023-07-29,Jakarta
194,2023-10-01,Jakarta
188,2023-12-17,Bogor
200,2023-12-09,Jakarta
187,2023-06-29,Jakarta
208,2023-05-20,Bogor
244,2023-05-03,Jakarta
242,2023-07-19,Tangerang
230,2023-10-26,Jakarta
238,2023-05-04,Depok
230,2023-12-24,Bogor
202,2023-08-02,Jakarta
240,2023-11-07,Jakarta
216,2023-08-03,Bogor
239,2023-12-02,Tangerang
246,2023-05-25,Jakarta
203,2023-05-10,Jakarta
204,2023-07-31,Jakarta
207,2023-05-13,Jakarta
220,2023-06-01,Bekasi
214,2023-10-15,Bogor
241,2023-09-08,Bogor
239,2023-06-17,Jakarta
250,2023-09-26,Bogor
213,2023-11-01,Bogor
202,2023-08-19,Bogor
244,2023-08-04,Jakarta
202,2023-06-11,Tangerang
234,2023-07-26,Tangerang
239,2023-05-22,Jakarta
203,2023-05-07,Bekasi
209,2023-08-08,Depok
220,2023-09-10,Jakarta
218,2023-10-12,Depok
219,2023-06-16,Depok
224,2023-11-18,Jakarta
224,2023-09-22,Bogor
205,2023-07-20,Jakarta
214,2023-05-15,Jakarta
207,2023-09-04,Bogor
213,2023-12-28,Tangerang
241,2023-09-29,Bogor
239,2023-12-24,Tangerang
206,2023-08-26,Bogor
218,2023-06-16,Tangerang
233,2023-08-17,Bogor
248,2023-09-09,Tangerang
236,2023-06-16,Jakarta
209,2023-12-18,Jakarta
221,2023-09-13,Jakarta
248,2023-06-27,Bogor
210,2023-05-15,Tangerang
209,2023-05-30,Tangerang
222,2023-12-20,Depok
240,2023-09-16,Tangerang
247,2023-10-15,Bogor
244,2023-07-10,Bogor
242,2023-08-08,Depok
230,2023-08-23,Tangerang
210,2023-08-08,Bogor
215,2023-05-20,Bogor
205,2023-12-30,Depok
230,2023-05-06,Jakarta
230,2023-08-02,Jakarta
241,2023-08-25,Tangerang
223,2023-12-06,Depok
206,2023-08-03,Bekasi
206,2023-07-29,Tangerang
248,2023-07-18,Depok
208,2023-10-28,Bogor
231,2023-11-23,Depok
235,2023-05-19,Tangerang
217,2023-08-05,Bogor
250,2023-08-28,Depok
245,2023-11-09,Jakarta
228,2023-10-29,Jakarta
209,2023-09-13,Bogor
218,2023-09-15,Bogor
209,2023-11-05,Tangerang
214,2023-09-09,Depok
246,2023-12-18,Tangerang
237,2023-05-29,Tangerang
221,2023-11-05,Depok
209,2023-12-02,Tangerang
218,2023-07-26,Bogor
244,2023-11-23,Jakarta
215,2023-07-18,Bogor
213,2023-09-19,Bogor
231,2023-05-22,Tangerang
204,2023-06-23,Jakarta
244,2023-08-13,Tangerang
236,2023-10-30,Bogor
238,2023-12-28,Bekasi
244,2023-12-30,Depok
230,2023-08-26,Bogor
213,2023-09-12,Tangerang
227,2023-07-26,Jakarta
210,2023-10-17,Tangerang
218,2023-06-07,Tangerang
235,2023-12-24,Bogor
239,2023-10-25,Bogor
220,2023-06-09,Jakarta
250,2023-08-20,Bogor
215,2023-05-13,Bogor
201,2023-06-28,Jakarta
249,2023-07-22,Bogor
238,2023-07-30,Depok
224,2023-07-01,Depok
226,2023-10-07,Jakarta
241,2023-09-02,Depok
249,2023-10-14,Jakarta
205,2023-07-31,Bogor
217,2023-10-07,Tangerang
202,2023-08-24,Depok
234,2023-06-20,Jakarta
242,2023-10-20,Bekasi
217,2023-10-13,Depok
244,2023-11-11,Depok
227,2023-11-26,Bogor
215,2023-10-12,Bogor
229,2023-05-10,Jakarta
224,2023-08-10,Bogor
233,2023-11-16,Tangerang
225,2023-12-09,Tangerang
208,2023-11-15,Tangerang
209,2023-07-29,Tangerang
236,2023-08-28,Jakarta
233,2023-07-09,Bogor
219,2023-09-20,Bogor
228,2023-09-18,Depok
238,2023-07-31,Bogor
202,2023-11-27,Bogor
241,2023-10-12,Bogor
246,2023-10-11,Tangerang
243,2023-12-06,Jakarta
250,2023-07-11,Tangerang
205,2023-09-19,Jakarta
246,2023-10-18,Bogor
229,2023-07-19,Depok
204,2023-08-06,Jakarta
246,2023-12-26,Tangerang
234,2023-06-05,Bogor
214,2023-07-31,Jakarta
203,2023-10-30,Jakarta
210,2023-11-18,Depok
202,2023-09-12,Tangerang
204,2023-07-07,Bogor
242,2023-09-13,Tangerang
226,2023-12-04,Bogor
206,2023-08-15,Jakarta
208,2023-11-01,Bogor
248,2023-10-27,Jakarta
201,2023-07-16,Jakarta
205,2023-05-02,Depok
242,2023-06-05,Tangerang
209,2023-10-16,Jakarta
237,2023-09-01,Bogor
212,2023-12-29,Tangerang
245,2023-07-24,Tangerang
216,2023-07-30,Depok
247,2023-11-17,Depok
238,2023-07-05,Jakarta
244,2023-12-31,Bogor
246,2023-05-27,Jakarta
230,2023-08-02,Tangerang
213,2023-09-05,Tangerang
231,2023-12-19,Tangerang
201,2023-08-17,Jakarta
207,2023-10-14,Tangerang
202,2023-12-27,Bekasi
250,2023-06-07,Bogor
227,2023-06-20,Depok
242,2023-10-30,Jakarta
204,2023-06-13,Bekasi
208,2023-09-22,Bogor
213,2023-08-21,Bogor
243,2023-11-03,Depok
244,2023-05-13,Bogor
241,2023-07-06,Depok
211,2023-10-29,Depok
224,2023-06-18,Bogor
227,2023-11-22,Depok
205,2023-07-29,Jakarta
235,2023-07-04,Bogor
248,2023-10-23,Jakarta
242,2023-10-29,Tangerang
227,2023-05-01,Bogor
204,2023-10-06,Depok
212,2023-09-15,Tangerang
249,2023-06-22,Bogor
238,2023-08-12,Jakarta
214,2023-12-18,Bogor
208,2023-10-06,Jakarta
232,2023-06-11,Jakarta
214,2023-07-18,Tangerang
249,2023-09-15,Jakarta
217,2023-10-02,Depok
202,2023-11-01,Jakarta
209,2023-10-02,Tangerang
236,2023-09-09,Tangerang
201,2023-09-21,Jakarta
244,2023-07-28,Jakarta
210,2023-11-07,Bekasi
228,2023-10-16,Tangerang
215,2023-05-20,Bogor
230,2023-08-23,Bogor
216,2023-10-02,Tangerang
228,2023-06-04,Tangerang
224,2023-06-26,Tangerang
224,2023-11-11,Jakarta
206,2023-12-17,Jakarta
216,2023-08-17,Tangerang
217,2023-06-01,Depok
217,2023-08-19,Tangerang
217,2023-09-02,Depok
212,2023-10-22,Depok
227,2023-10-17,Tangerang
210,2023-11-09,Bekasi
230,2023-11-30,Depok
210,2023-07-29,Tangerang
225,2023-06-29,Jakarta
202,2023-11-09,Tangerang
201,2023-08-30,Tangerang
203,2023-08-08,Tangerang
241,2023-07-23,Bogor
244,2023-05-24,Tangerang
205,2023-07-05,Tangerang
248,2023-11-02,Jakarta
228,2023-10-31,Bogor
202,2023-11-06,Bogor
207,2023-07-13,Depok
218,2023-05-31,Depok
224,2023-09-29,Bogor
224,2023-10-25,Bogor
209,2023-06-08,Tangerang
216,2023-12-30,Bogor
248,2023-07-09,Tangerang
208,2023-10-04,Bogor
217,2023-07-16,Jakarta
203,2023-09-23,Bogor
248,2023-07-18,Tangerang
235,2023-09-04,Bogor
218,2023-10-26,Bogor
217,2023-12-30,Bogor
245,2023-08-16,Jakarta
217,2023-12-22,Bogor
249,2023-05-23,Jakarta
238,2023-11-20,Jakarta
229,2023-11-14,Bogor
223,2023-05-13,Depok
244,2023-10-01,Bogor
203,2023-06-04,Tangerang
245,2023-06-30,Tangerang
217,2023-05-10,Jakarta
217,2023-10-30,Jakarta
238,2023-08-19,Tangerang
222,2023-07-24,Depok
220,2023-06-23,Jakarta
206,2023-06-12,Tangerang
226,2023-10-13,Depok
234,2023-06-01,Bogor
224,2023-05-26,Bogor
231,2023-05-05,Tangerang
245,2023-08-01,Jakarta
238,2023-08-22,Jakarta
244,2023-06-25,Depok
234,2023-09-08,Jakarta
246,2023-05-26,Depok
220,2023-09-04,Tangerang
210,2023-07-11,Bogor
205,2023-06-28,Bogor
246,2023-08-09,Bekasi
224,2023-06-13,Tangerang
202,2023-10-02,Bogor
210,2023-05-04,Tangerang
210,2023-12-06,Jakarta
232,2023-08-21,Depok
209,2023-09-18,Tangerang
217,2023-09-24,Bogor
227,2023-10-20,Tangerang
220,2023-11-30,Bogor
206,2023-05-12,Jakarta
238,2023-07-02,Tangerang
207,2023-09-06,Bogor
204,2023-07-03,Bogor
241,2023-12-22,Jakarta
224,2023-12-21,Depok
217,2023-07-31,Bogor
235,2023-09-15,Depok
212,2023-06-13,Tangerang
210,2023-09-19,Tangerang
205,2023-07-02,Tangerang
225,2023-10-02,Jakarta
219,2023-12-26,Jakarta
228,2023-06-03,Tangerang
244,2023-08-11,Tangerang
203,2023-08-05,Bogor
205,2023-11-18,Jakarta
246,2023-07-10,Bogor
249,2023-07-07,Bekasi
240,2023-06-12,Tangerang
213,2023-12-25,Tangerang
218,2023-12-30,Bogor
238,2023-08-06,Bogor
217,2023-10-27,Tangerang
230,2023-06-16,Depok
211,2023-11-16,Jakarta
212,2023-09-02,Depok
213,2023-12-20,Bogor
210,2023-10-26,Tangerang
214,2023-05-08,Bogor
230,2023-06-20,Bogor
204,2023-08-15,Tangerang
244,2023-10-13,Bogor
230,2023-07-02,Depok
212,2023-09-04,Depok
244,2023-09-05,Tangerang
242,2023-09-11,Bogor
233,2023-12-26,Bekasi
209,2023-05-05,Depok
203,2023-10-16,Tangerang
230,2023-06-06,Jakarta
228,2023-09-06,Tangerang
210,2023-11-23,Bogor
206,2023-05-24,Tangerang
206,2023-06-23,Jakarta
224,2023-12-23,Jakarta
249,2023-09-03,Jakarta
219,2023-10-11,Depok
205,2023-06-17,Jakarta
239,2023-12-28,Jakarta
217,2023-05-25,Depok
214,2023-06-28,Tangerang
209,2023-08-27,Depok
244,2023-09-17,Bogor
217,2023-07-29,Jakarta
218,2023-05-29,Tangerang
236,2023-10-01,Bogor
214,2023-09-14,Bogor
215,2023-06-21,Bogor
210,2023-06-29,Bogor
238,2023-07-03,Bogor
237,2023-05-24,Jakarta
221,2023-10-02,Jakarta
213,2023-12-10,Jakarta
246,2023-12-16,Bogor
248,2023-05-01,Tangerang
214,2023-11-09,Jakarta
236,2023-06-23,Bekasi
217,2023-09-01,Tangerang
215,2023-11-16,Tangerang
234,2023-12-19,Bogor
208,2023-08-24,Tangerang
242,2023-11-20,Bogor
230,2023-05-27,Bogor
249,2023-09-17,Jakarta
217,2023-11-06,Depok
244,2023-11-30,Depok
224,2023-06-28,Jakarta
239,2023-12-25,Bogor
239,2023-09-18,Bekasi
247,2023-09-20,Depok
207,2023-07-09,Bogor
217,2023-05-04,Depok
237,2023-09-02,Bogor
217,2023-06-22,Depok
224,2023-10-11,Bogor
215,2023-10-20,Bogor
205,2023-10-04,Tangerang
201,2023-10-20,Tangerang
227,2023-07-29,Depok
219,2023-12-01,Bekasi
242,2023-05-20,Jakarta
244,2023-07-18,Tangerang
203,2023-09-11,Depok
218,2023-07-07,Bogor
243,2023-07-26,Bogor
229,2023-06-14,Bogor
217,2023-10-06,Jakarta
249,2023-09-13,Bogor
216,2023-11-11,Jakarta
230,2023-12-25,Bogor
222,2023-12-11,Tangerang
228,2023-10-05,Jakarta
244,2023-09-12,Depok
229,2023-08-15,Jakarta
250,2023-11-13,Depok
216,2023-11-07,Bogor
236,2023-12-18,Tangerang
217,2023-12-28,Jakarta
205,2023-05-22,Depok
201,2023-12-02,Bogor
218,2023-07-05,Jakarta
246,2023-06-13,Depok
244,2023-06-30,Tangerang
205,2023-12-17,Depok
219,2023-07-11,Depok
204,2023-07-30,Bogor
219,2023-07-11,Depok
215,2023-10-19,Depok
205,2023-10-16,Tangerang
228,2023-09-26,Bogor
224,2023-06-07,Tangerang
217,2023-05-21,Tangerang
218,2023-12-15,Jakarta
207,2023-05-30,Jakarta
213,2023-11-14,Jakarta
251,2023-11-14,Depok
282,2023-08-18,Tangerang
256,2023-10-01,Depok
254,2023-07-07,Bogor
267,2023-11-12,Jakarta
265,2023-11-06,Bogor
275,2023-11-22,Jakarta
277,2023-12-14,Tangerang
296,2023-11-07,Bogor
271,2023-12-19,Tangerang
267,2023-06-03,Jakarta
253,2023-11-13,Depok
277,2023-10-10,Bogor
252,2023-10-31,Bogor
285,2023-12-14,Tangerang
299,2023-07-07,Jakarta
253,2023-07-05,Bogor
274,2023-06-08,Bogor
262,2023-09-17,Bogor
279,2023-11-05,Jakarta
267,2023-09-19,Tangerang
269,2023-11-27,Tangerang
262,2023-11-07,Bogor
290,2023-07-03,Bogor
253,2023-11-22,Jakarta
287,2023-11-20,Jakarta
291,2023-11-05,Jakarta
286,2023-06-21,Depok
272,2023-06-06,Depok
299,2023-09-20,Tangerang
300,2023-11-15,Depok
285,2023-08-06,Bogor
293,2023-07-16,Tangerang
277,2023-09-02,Bogor
274,2023-11-17,Tangerang
293,2023-09-24,Jakarta
252,2023-12-12,Jakarta
268,2023-06-14,Jakarta
293,2023-06-15,Bekasi
259,2023-09-21,Depok
255,2023-10-12,Jakarta
261,2023-10-23,Jakarta
289,2023-10-24,Depok
282,2023-12-24,Tangerang
261,2023-12-04,Jakarta
279,2023-10-26,Jakarta
265,2023-06-16,Bogor
263,2023-08-22,Jakarta
267,2023-09-27,Bogor
267,2023-11-18,Bogor
275,2023-11-27,Bekasi
252,2023-08-25,Tangerang
259,2023-10-10,Jakarta
274,2023-06-14,Depok
268,2023-11-18,Tangerang
280,2023-06-12,Depok
275,2023-11-11,Jakarta
257,2023-09-13,Jakarta
295,2023-08-18,Depok
282,2023-06-27,Depok
288,2023-08-29,Depok
286,2023-06-17,Jakarta
296,2023-12-12,Tangerang
280,2023-10-31,Tangerang
281,2023-06-15,Tangerang
262,2023-10-23,Bogor
289,2023-12-27,Tangerang
298,2023-11-06,Jakarta
289,2023-11-16,Bogor
264,2023-10-04,Bogor
275,2023-12-02,Bogor
271,2023-12-25,Bogor
289,2023-08-08,Bogor
291,2023-12-16,Tangerang
279,2023-08-12,Depok
293,2023-08-21,Tangerang
295,2023-12-28,Jakarta
296,2023-12-30,Bogor
258,2023-07-30,Jakarta
262,2023-07-27,Jakarta
267,2023-12-18,Bogor
287,2023-09-25,Jakarta
280,2023-10-05,Depok
259,2023-08-28,Tangerang
255,2023-07-10,Depok
256,2023-09-02,Depok
295,2023-09-19,Tangerang
266,2023-09-20,Depok
299,2023-09-26,Jakarta
296,2023-06-05,Tangerang
286,2023-11-30,Tangerang
293,2023-06-17,Jakarta
251,2023-10-13,Jakarta
280,2023-07-25,Jakarta
299,2023-09-09,Bogor
299,2023-12-29,Tangerang
265,2023-07-18,Tangerang
261,2023-10-31,Jakarta
279,2023-11-11,Jakarta
251,2023-06-03,Bogor
280,2023-07-05,Jakarta
257,2023-07-18,Jakarta
257,2023-12-14,Jakarta
252,2023-11-02,Tangerang
288,2023-09-22,Bogor
282,2023-09-17,Depok
260,2023-08-12,Jakarta
253,2023-11-28,Jakarta
279,2023-09-19,Bogor
268,2023-06-15,Jakarta
278,2023-10-30,Tangerang
263,2023-10-27,Tangerang
277,2023-07-05,Jakarta
287,2023-11-13,Tangerang
299,2023-12-11,Tangerang
293,2023-12-09,Bogor
287,2023-10-06,Bogor
286,2023-08-23,Depok
259,2023-11-21,Depok
274,2023-06-08,Jakarta
282,2023-07-29,Bogor
298,2023-08-19,Depok
256,2023-08-01,Tangerang
252,2023-11-24,Bogor
251,2023-07-27,Jakarta
286,2023-12-07,Bogor
278,2023-10-21,Jakarta
285,2023-09-20,Depok
268,2023-08-15,Jakarta
253,2023-08-28,Depok
272,2023-06-21,Jakarta
300,2023-09-30,Jakarta
262,2023-09-23,Bogor
298,2023-12-07,Depok
299,2023-08-11,Jakarta
280,2023-08-21,Jakarta
257,2023-06-05,Bogor
254,2023-09-12,Jakarta
298,2023-10-15,Tangerang
263,2023-06-08,Jakarta
254,2023-08-05,Bogor
282,2023-12-14,Bogor
253,2023-07-01,Jakarta
253,2023-09-10,Bogor
293,2023-07-09,Bogor
296,2023-07-15,Tangerang
283,2023-07-21,Depok
295,2023-12-19,Jakarta
288,2023-08-09,Jakarta
262,2023-12-03,Tangerang
261,2023-09-29,Depok
292,2023-11-05,Bogor
253,2023-09-03,Bogor
256,2023-07-01,Tangerang
291,2023-10-03,Bogor
281,2023-11-14,Jakarta
277,2023-09-09,Tangerang
255,2023-10-18,Tangerang
282,2023-07-08,Tangerang
275,2023-10-16,Bogor
268,2023-10-31,Bogor
286,2023-12-28,Jakarta
266,2023-07-24,Tangerang
278,2023-07-26,Tangerang
273,2023-10-30,Bogor
254,2023-09-08,Tangerang
283,2023-08-10,Tangerang
260,2023-07-19,Tangerang
263,2023-08-25,Tangerang
262,2023-06-07,Depok
272,2023-07-15,Bogor
292,2023-06-01,Tangerang
275,2023-10-13,Jakarta
275,2023-10-21,Jakarta
283,2023-09-19,Tangerang
287,2023-10-30,Jakarta
252,2023-09-10,Bekasi
266,2023-12-10,Jakarta
291,2023-11-16,Bogor
294,2023-08-11,Tangerang
296,2023-09-08,Jakarta
300,2023-07-27,Jakarta
262,2023-09-23,Tangerang
253,2023-08-11,Bogor
274,2023-11-27,Tangerang
288,2023-12-14,Jakarta
293,2023-06-27,Tangerang
258,2023-06-25,Jakarta
259,2023-09-15,Bogor
267,2023-07-20,Jakarta
262,2023-08-11,Depok
268,2023-11-23,Jakarta
287,2023-09-22,Bekasi
300,2023-09-19,Bogor
274,2023-06-24,Tangerang
269,2023-11-05,Tangerang
253,2023-11-22,Depok
293,2023-11-10,Bogor
253,2023-10-03,Jakarta
258,2023-12-12,Bogor
282,2023-12-03,Jakarta
269,2023-09-12,Depok
295,2023-12-09,Tangerang
276,2023-11-23,Jakarta
300,2023-12-18,Depok
290,2023-06-20,Jakarta
266,2023-06-06,Jakarta
281,2023-07-24,Bogor
287,2023-07-16,Tangerang
296,2023-08-27,Jakarta
299,2023-09-18,Bogor
260,2023-10-16,Depok
288,2023-11-17,Jakarta
291,2023-11-25,Depok
269,2023-09-24,Tangerang
300,2023-10-19,Bogor
261,2023-12-05,Jakarta
287,2023-07-10,Depok
260,2023-08-28,Bogor
287,2023-06-18,Bogor
251,2023-12-26,Depok
277,2023-08-29,Jakarta
277,2023-07-17,Tangerang
261,2023-09-07,Jakarta
252,2023-12-24,Tangerang
274,2023-10-20,Bogor
282,2023-07-10,Jakarta
263,2023-12-19,Bogor
258,2023-06-18,Jakarta
257,2023-12-09,Bogor
291,2023-06-16,Depok
287,2023-12-28,Bogor
279,2023-11-15,Tangerang
279,2023-11-02,Jakarta
294,2023-11-22,Jakarta
252,2023-10-13,Jakarta
289,2023-09-07,Tangerang
277,2023-11-07,Depok
279,2023-12-01,Depok
298,2023-11-02,Depok
254,2023-06-23,Depok
259,2023-11-22,Jakarta
281,2023-07-26,Jakarta
274,2023-12-06,Jakarta
300,2023-10-12,Tangerang
272,2023-06-19,Bekasi
293,2023-06-25,Bogor
281,2023-08-08,Bogor
271,2023-06-10,Tangerang
275,2023-08-22,Tangerang
298,2023-09-19,Jakarta
262,2023-07-24,Depok
252,2023-10-29,Jakarta
282,2023-09-02,Depok
266,2023-08-23,Bogor
265,2023-09-27,Bogor
296,2023-12-29,Bogor
251,2023-12-27,Jakarta
282,2023-12-11,Bogor
273,2023-07-11,Jakarta
253,2023-07-05,Jakarta
282,2023-12-24,Jakarta
267,2023-07-06,Jakarta
285,2023-06-10,Jakarta
253,2023-10-23,Jakarta
279,2023-08-31,Depok
257,2023-07-16,Jakarta
274,2023-10-14,Bogor
255,2023-08-27,Jakarta
291,2023-10-26,Tangerang
296,2023-12-22,Jakarta
300,2023-12-06,Depok
253,2023-12-21,Bogor
285,2023-10-25,Tangerang
255,2023-10-20,Jakarta
261,2023-06-10,Bogor
281,2023-08-12,Bogor
251,2023-09-24,Jakarta
257,2023-09-02,Tangerang
255,2023-12-05,Bogor
260,2023-11-09,Jakarta
260,2023-08-13,Bekasi
265,2023-07-03,Depok
263,2023-08-18,Depok
254,2023-11-09,Bogor
257,2023-11-21,Jakarta
300,2023-09-02,Depok
254,2023-09-09,Tangerang
262,2023-07-13,Tangerang
295,2023-07-25,Jakarta
291,2023-09-14,Jakarta
255,2023-09-22,Bogor
280,2023-06-11,Bogor
252,2023-11-25,Depok
293,2023-06-27,Depok
298,2023-12-21,Jakarta
277,2023-11-25,Jakarta
262,2023-08-25,Tangerang
253,2023-09-09,Tangerang
275,2023-08-18,Tangerang
270,2023-07-16,Bogor
287,2023-10-25,Depok
295,2023-06-03,Bogor
255,2023-08-01,Bogor
289,2023-11-23,Bogor
287,2023-06-07,Jakarta
283,2023-06-19,Bogor
298,2023-09-21,Tangerang
277,2023-09-14,Tangerang
295,2023-10-29,Depok
291,2023-06-04,Tangerang
292,2023-07-21,Tangerang
299,2023-10-16,Bogor
253,2023-06-13,Jakarta
267,2023-09-09,Tangerang
294,2023-11-08,Tangerang
253,2023-06-10,Depok
262,2023-06-07,Jakarta
292,2023-10-04,Bogor
263,2023-07-12,Jakarta
275,2023-06-23,Jakarta
273,2023-08-16,Tangerang
256,2023-12-16,Tangerang
267,2023-09-30,Bogor
264,2023-06-02,Tangerang
294,2023-06-29,Depok
257,2023-09-27,Depok
253,2023-12-21,Jakarta
261,2023-12-04,Depok
293,2023-07-28,Bogor
282,2023-11-06,Bogor
281,2023-10-15,Tangerang
255,2023-09-01,Bogor
252,2023-10-09,Tangerang
255,2023-09-14,Jakarta
297,2023-08-02,Bogor
255,2023-12-31,Depok
289,2023-07-29,Jakarta
261,2023-10-21,Jakarta
267,2023-06-15,Jakarta
297,2023-12-23,Tangerang
274,2023-12-07,Depok
263,2023-10-23,Jakarta
263,2023-09-15,Bogor
280,2023-10-22,Tangerang
261,2023-12-20,Jakarta
282,2023-10-10,Bogor
290,2023-07-26,Jakarta
297,2023-09-25,Bogor
270,2023-11-25,Depok
267,2023-06-06,Tangerang
266,2023-12-18,Bogor
298,2023-12-25,Jakarta
287,2023-09-24,Tangerang
267,2023-11-25,Depok
260,2023-12-21,Tangerang
255,2023-07-16,Depok
286,2023-09-09,Tangerang
287,2023-11-27,Bogor
297,2023-08-06,Bogor
282,2023-09-05,Tangerang
279,2023-07-06,Tangerang
307,2023-09-06,Bogor
337,2023-07-25,Jakarta
327,2023-12-20,Depok
320,2023-10-27,Tangerang
348,2023-12-03,Bogor
336,2023-07-25,Depok
304,2023-12-10,Depok
334,2023-07-18,Bogor
304,2023-11-15,Tangerang
347,2023-07-14,Tangerang
344,2023-11-25,Tangerang
307,2023-08-06,Bogor
311,2023-10-31,Depok
303,2023-07-02,Bogor
313,2023-11-07,Depok
331,2023-09-13,Tangerang
332,2023-07-17,Jakarta
313,2023-07-12,Tangerang
347,2023-08-28,Jakarta
335,2023-09-18,Tangerang
302,2023-10-13,Tangerang
341,2023-07-13,Jakarta
306,2023-09-09,Tangerang
310,2023-08-29,Bogor
313,2023-08-07,Bogor
307,2023-11-04,Bogor
329,2023-11-15,Depok
304,2023-12-26,Bogor
346,2023-09-21,Jakarta
308,2023-11-18,Bogor
306,2023-12-17,Bogor
313,2023-07-22,Jakarta
301,2023-10-11,Jakarta
321,2023-08-22,Tangerang
330,2023-12-03,Jakarta
320,2023-09-23,Tangerang
330,2023-11-13,Jakarta
315,2023-09-01,Tangerang
329,2023-10-11,Bogor
348,2023-07-06,Tangerang
307,2023-12-23,Jakarta
329,2023-10-23,Bogor
325,2023-07-23,Bogor
311,2023-12-27,Tangerang
331,2023-11-17,Bogor
330,2023-07-27,Tangerang
314,2023-12-19,Bogor
329,2023-07-20,Bekasi
304,2023-09-20,Tangerang
313,2023-07-29,Bogor
334,2023-07-05,Jakarta
329,2023-11-15,Jakarta
314,2023-10-19,Bogor
303,2023-08-15,Jakarta
336,2023-09-19,Tangerang
325,2023-11-08,Tangerang
309,2023-10-30,Jakarta
321,2023-08-15,Jakarta
334,2023-11-30,Depok
329,2023-07-16,Tangerang
329,2023-11-29,Jakarta
305,2023-08-17,Tangerang
302,2023-11-16,Jakarta
347,2023-10-08,Bogor
309,2023-10-25,Tangerang
310,2023-12-05,Tangerang
342,2023-12-22,Jakarta
335,2023-09-08,Bogor
346,2023-10-27,Tangerang
327,2023-11-13,Tangerang
341,2023-09-10,Jakarta
325,2023-08-30,Jakarta
339,2023-07-13,Tangerang
311,2023-07-30,Jakarta
321,2023-12-18,Jakarta
347,2023-10-26,Jakarta
348,2023-09-21,Jakarta
304,2023-12-04,Depok
301,2023-10-22,Jakarta
344,2023-08-31,Tangerang
328,2023-11-13,Depok
304,2023-11-10,Tangerang
303,2023-09-22,Tangerang
332,2023-07-06,Depok
336,2023-11-27,Bogor
334,2023-10-19,Bogor
304,2023-07-07,Bogor
331,2023-12-09,Jakarta
341,2023-07-16,Jakarta
310,2023-10-17,Bogor
344,2023-12-03,Bekasi
344,2023-09-10,Tangerang
313,2023-12-09,Bogor
309,2023-09-09,Bogor
311,2023-09-24,Bogor
337,2023-12-04,Depok
304,2023-11-11,Depok
313,2023-11-06,Tangerang
327,2023-12-05,Jakarta
344,2023-10-04,Bogor
316,2023-08-08,Bogor
302,2023-11-22,Depok
341,2023-09-19,Depok
346,2023-07-25,Jakarta
313,2023-08-03,Bogor
350,2023-10-31,Tangerang
309,2023-11-28,Jakarta
330,2023-08-31,Jakarta
320,2023-12-01,Bogor
302,2023-09-11,Bogor
311,2023-08-29,Jakarta
325,2023-10-02,Jakarta
346,2023-09-08,Tangerang
317,2023-11-16,Depok
329,2023-11-09,Bekasi
347,2023-07-28,Depok
320,2023-11-23,Depok
318,2023-10-01,Tangerang
346,2023-12-11,Depok
311,2023-09-26,Tangerang
305,2023-11-21,Jakarta
332,2023-09-01,Bogor
329,2023-12-22,Bogor
339,2023-12-12,Jakarta
340,2023-12-08,Bogor
336,2023-10-01,Tangerang
301,2023-10-06,Tangerang
318,2023-11-07,Tangerang
309,2023-10-13,Bogor
308,2023-10-20,Tangerang
305,2023-11-06,Tangerang
332,2023-09-11,Bogor
337,2023-08-14,Tangerang
320,2023-10-23,Tangerang
320,2023-09-30,Bogor
335,2023-08-05,Tangerang
307,2023-12-24,Jakarta
313,2023-07-14,Depok
337,2023-12-07,Jakarta
313,2023-07-21,Bogor
307,2023-07-03,Jakarta
321,2023-07-18,Jakarta
327,2023-11-25,Tangerang
348,2023-07-31,Jakarta
313,2023-09-28,Depok
311,2023-07-30,Tangerang
304,2023-09-24,Bogor
313,2023-10-17,Bogor
334,2023-08-21,Jakarta
344,2023-07-13,Depok
306,2023-11-08,Bogor
335,2023-08-18,Depok
319,2023-11-27,Bogor
303,2023-11-18,Jakarta
330,2023-10-14,Jakarta
336,2023-08-26,Jakarta
350,2023-11-09,Tangerang
347,2023-09-03,Jakarta
302,2023-08-03,Tangerang
330,2023-12-17,Tangerang
344,2023-12-16,Tangerang
342,2023-07-08,Jakarta
331,2023-12-28,Depok
334,2023-10-18,Depok
330,2023-08-01,Bogor
334,2023-10-05,Depok
311,2023-08-17,Jakarta
345,2023-10-13,Tangerang
341,2023-11-07,Tangerang
333,2023-09-10,Bogor
311,2023-08-31,Bogor
344,2023-10-09,Bogor
327,2023-09-05,Jakarta
349,2023-10-17,Jakarta
328,2023-12-05,Bogor
311,2023-08-04,Jakarta
332,2023-10-23,Depok
321,2023-12-11,Tangerang
317,2023-10-02,Bogor
310,2023-10-17,Bekasi
318,2023-09-24,Tangerang
304,2023-11-27,Bogor
346,2023-07-18,Tangerang
337,2023-10-22,Tangerang
310,2023-07-12,Bekasi
323,2023-12-09,Jakarta
325,2023-09-08,Jakarta
330,2023-08-14,Bogor
330,2023-09-07,Jakarta
333,2023-11-18,Depok
305,2023-11-01,Jakarta
337,2023-08-18,Jakarta
307,2023-07-05,Tangerang
328,2023-09-23,Bogor
309,2023-08-11,Bogor
336,2023-10-21,Tangerang
310,2023-12-17,Jakarta
307,2023-11-09,Bogor
331,2023-10-29,Depok
309,2023-10-09,Bogor
350,2023-10-09,Depok
311,2023-10-20,Depok
326,2023-11-10,Tangerang
331,2023-10-09,Jakarta
330,2023-07-21,Bogor
349,2023-11-23,Tangerang
336,2023-12-25,Bogor
302,2023-12-22,Bogor
348,2023-12-17,Bogor
346,2023-09-29,Tangerang
338,2023-09-13,Tangerang
341,2023-09-21,Bogor
301,2023-10-10,Depok
308,2023-09-12,Depok
347,2023-07-23,Bogor
330,2023-07-02,Bekasi
317,2023-10-20,Jakarta
302,2023-12-04,Bogor
337,2023-07-14,Bogor
312,2023-08-03,Jakarta
322,2023-07-02,Jakarta
320,2023-08-15,Jakarta
324,2023-08-02,Tangerang
329,2023-10-01,Tangerang
333,2023-09-24,Depok
309,2023-11-09,Jakarta
310,2023-12-14,Bogor
329,2023-08-06,Bogor
336,2023-08-30,Jakarta
318,2023-09-25,Bogor
311,2023-11-03,Depok
346,2023-07-07,Depok
302,2023-07-26,Jakarta
320,2023-07-26,Tangerang
302,2023-07-13,Jakarta
348,2023-08-01,Tangerang
316,2023-10-19,Bekasi
303,2023-09-04,Bogor
309,2023-11-29,Bogor
342,2023-10-19,Jakarta
335,2023-09-28,Depok
337,2023-10-24,Jakarta
341,2023-07-17,Jakarta
305,2023-08-26,Bogor
341,2023-07-24,Jakarta
303,2023-08-15,Jakarta
335,2023-08-26,Depok
318,2023-09-21,Depok
350,2023-11-10,Bogor
314,2023-12-24,Tangerang
337,2023-12-22,Bekasi
305,2023-08-25,Tangerang
325,2023-12-18,Bogor
325,2023-12-06,Bekasi
317,2023-08-09,Bogor
340,2023-07-08,Tangerang
310,2023-07-22,Jakarta
334,2023-10-24,Tangerang
330,2023-08-14,Tangerang
330,2023-10-20,Tangerang
307,2023-08-02,Depok
347,2023-07-21,Bogor
346,2023-11-10,Jakarta
327,2023-10-03,Jakarta
350,2023-09-12,Bogor
335,2023-08-09,Jakarta
307,2023-12-10,Jakarta
323,2023-11-24,Tangerang
329,2023-07-28,Jakarta
309,2023-09-24,Jakarta
330,2023-12-29,Bogor
301,2023-10-25,Bogor
330,2023-12-07,Tangerang
319,2023-10-03,Bogor
330,2023-12-09,Tangerang
337,2023-07-14,Tangerang
341,2023-07-04,Jakarta
320,2023-10-27,Depok
349,2023-10-27,Jakarta
314,2023-12-17,Jakarta
314,2023-09-26,Tangerang
344,2023-09-22,Bekasi
348,2023-07-16,Depok
302,2023-07-02,Tangerang
331,2023-09-30,Jakarta
335,2023-11-19,Tangerang
336,2023-07-13,Jakarta
335,2023-08-06,Bekasi
305,2023-07-05,Tangerang
305,2023-09-05,Jakarta
338,2023-12-11,Jakarta
342,2023-07-14,Bogor
305,2023-09-05,Tangerang
332,2023-12-12,Tangerang
329,2023-11-20,Tangerang
349,2023-12-16,Bogor
346,2023-09-30,Jakarta
313,2023-08-09,Bogor
346,2023-11-19,Jakarta
316,2023-07-12,Jakarta
335,2023-12-15,Bogor
314,2023-12-21,Bogor
332,2023-10-16,Tangerang
337,2023-07-16,Depok
341,2023-11-27,Jakarta
337,2023-12-19,Bogor
384,2023-09-07,Jakarta
384,2023-11-09,Depok
388,2023-08-11,Jakarta
362,2023-11-04,Bogor
373,2023-11-06,Jakarta
379,2023-09-24,Bogor
376,2023-08-19,Tangerang
394,2023-12-16,Jakarta
359,2023-10-02,Jakarta
366,2023-10-22,Bogor
385,2023-11-19,Jakarta
373,2023-11-25,Tangerang
370,2023-08-24,Tangerang
376,2023-08-29,Jakarta
382,2023-12-16,Jakarta
387,2023-11-10,Tangerang
359,2023-10-09,Jakarta
372,2023-09-01,Tangerang
400,2023-09-01,Depok
357,2023-10-23,Tangerang
396,2023-09-30,Tangerang
366,2023-09-01,Bogor
377,2023-12-24,Jakarta
375,2023-11-19,Tangerang
375,2023-12-31,Tangerang
377,2023-12-05,Bogor
368,2023-09-28,Tangerang
387,2023-09-18,Depok
384,2023-11-30,Bogor
400,2023-08-19,Tangerang
387,2023-08-29,Tangerang
362,2023-08-14,Bogor
396,2023-08-07,Jakarta
353,2023-09-09,Jakarta
366,2023-08-24,Tangerang
394,2023-11-11,Tangerang
363,2023-09-02,Tangerang
362,2023-10-10,Depok
366,2023-09-10,Bogor
359,2023-09-19,Jakarta
356,2023-12-26,Depok
382,2023-11-04,Depok
374,2023-12-10,Depok
387,2023-10-16,Jakarta
362,2023-10-30,Bogor
391,2023-12-13,Jakarta
381,2023-08-12,Jakarta
374,2023-11-30,Bekasi
388,2023-11-03,Depok
399,2023-08-22,Bogor
384,2023-08-01,Tangerang
400,2023-10-05,Bogor
370,2023-11-18,Depok
358,2023-10-06,Depok
391,2023-12-18,Jakarta
388,2023-11-30,Depok
352,2023-11-01,Jakarta
367,2023-08-29,Tangerang
355,2023-11-30,Tangerang
387,2023-12-11,Jakarta
351,2023-08-08,Bogor
380,2023-12-18,Tangerang
379,2023-09-11,Depok
355,2023-08-01,Tangerang
351,2023-11-04,Jakarta
354,2023-09-29,Tangerang
357,2023-11-03,Jakarta
389,2023-10-05,Jakarta
375,2023-11-14,Tangerang
375,2023-09-28,Bekasi
373,2023-10-24,Jakarta
377,2023-10-02,Bogor
378,2023-11-19,Depok
373,2023-11-13,Depok
371,2023-08-16,Tangerang
396,2023-10-21,Tangerang
366,2023-12-18,Jakarta
357,2023-10-18,Jakarta
371,2023-10-03,Depok
392,2023-11-02,Jakarta
381,2023-11-21,Bogor
386,2023-12-04,Tangerang
372,2023-10-21,Bogor
375,2023-08-17,Jakarta
351,2023-09-20,Depok
381,2023-09-14,Jakarta
395,2023-11-30,Bekasi
395,2023-12-09,Jakarta
367,2023-08-28,Tangerang
352,2023-12-09,Bogor
372,2023-11-25,Tangerang
351,2023-08-07,Depok
398,2023-10-13,Tangerang
385,2023-08-12,Bogor
371,2023-10-01,Tangerang
351,2023-09-24,Jakarta
352,2023-08-05,Depok
372,2023-12-12,Jakarta
377,2023-12-19,Depok
391,2023-12-17,Bogor
373,2023-11-28,Jakarta
390,2023-11-29,Depok
400,2023-10-30,Jakarta
377,2023-10-12,Tangerang
360,2023-10-26,Depok
367,2023-10-14,Bogor
380,2023-09-30,Bogor
390,2023-09-23,Tangerang
369,2023-10-20,Bogor
387,2023-12-01,Bekasi
394,2023-12-02,Tangerang
372,2023-12-09,Jakarta
378,2023-12-05,Bekasi
381,2023-12-06,Bogor
370,2023-08-11,Bogor
395,2023-09-05,Jakarta
365,2023-11-27,Depok
354,2023-12-15,Bogor
395,2023-08-23,Jakarta
370,2023-10-04,Jakarta
360,2023-11-26,Jakarta
396,2023-11-27,Tangerang
384,2023-08-10,Jakarta
373,2023-12-28,Jakarta
355,2023-08-20,Tangerang
352,2023-12-27,Depok
362,2023-10-01,Jakarta
370,2023-12-17,Jakarta
376,2023-09-14,Bogor
398,2023-11-23,Bogor
367,2023-10-11,Jakarta
394,2023-11-16,Jakarta
390,2023-08-30,Tangerang
351,2023-09-01,Bogor
388,2023-11-17,Depok
354,2023-10-29,Bogor
363,2023-12-14,Depok
367,2023-11-22,Bogor
400,2023-12-31,Depok
367,2023-08-08,Tangerang
379,2023-08-19,Jakarta
351,2023-09-22,Jakarta
354,2023-08-02,Jakarta
352,2023-09-27,Jakarta
384,2023-12-13,Tangerang
379,2023-09-08,Bogor
369,2023-12-06,Depok
354,2023-08-30,Depok
399,2023-09-09,Depok
351,2023-10-02,Tangerang
355,2023-11-21,Tangerang
394,2023-08-03,Tangerang
374,2023-12-02,Jakarta
381,2023-08-04,Bogor
385,2023-11-19,Bogor
394,2023-11-03,Tangerang
392,2023-09-19,Depok
389,2023-11-11,Depok
366,2023-08-26,Bogor
387,2023-11-01,Tangerang
395,2023-09-28,Tangerang
359,2023-09-09,Bogor
368,2023-09-27,Tangerang
360,2023-12-30,Depok
392,2023-10-11,Tangerang
373,2023-09-27,Tangerang
380,2023-09-17,Bogor
355,2023-09-22,Depok
372,2023-11-23,Tangerang
367,2023-08-13,Tangerang
366,2023-08-04,Bogor
381,2023-10-31,Jakarta
352,2023-08-02,Tangerang
392,2023-10-17,Bogor
363,2023-09-19,Jakarta
392,2023-08-16,Depok
355,2023-10-14,Tangerang
387,2023-10-10,Jakarta
384,2023-12-13,Depok
362,2023-12-01,Bogor
389,2023-10-16,Depok
362,2023-09-10,Bogor
388,2023-10-05,Depok
371,2023-12-04,Bogor
374,2023-11-19,Jakarta
383,2023-11-25,Jakarta
375,2023-10-16,Jakarta
366,2023-12-24,Jakarta
400,2023-12-02,Jakarta
381,2023-12-05,Depok
396,2023-09-10,Depok
367,2023-12-01,Tangerang
359,2023-12-31,Bogor
369,2023-11-10,Bekasi
384,2023-09-22,Tangerang
367,2023-12-23,Bogor
372,2023-10-15,Depok
385,2023-10-15,Tangerang
369,2023-10-05,Jakarta
362,2023-09-01,Jakarta
366,2023-08-17,Depok
384,2023-12-19,Tangerang
395,2023-11-02,Jakarta
379,2023-10-08,Depok
387,2023-11-29,Jakarta
398,2023-11-16,Bogor
378,2023-11-24,Depok
381,2023-10-02,Jakarta
392,2023-12-25,Jakarta
361,2023-12-11,Bogor
395,2023-08-02,Tangerang
372,2023-11-30,Jakarta
352,2023-10-22,Depok
394,2023-12-16,Bogor
359,2023-09-20,Bogor
379,2023-12-28,Bogor
398,2023-08-22,Tangerang
372,2023-09-01,Jakarta
397,2023-08-27,Jakarta
355,2023-08-14,Bogor
351,2023-09-03,Bekasi
369,2023-09-09,Jakarta
361,2023-10-18,Bogor
365,2023-10-26,Bogor
351,2023-11-03,Depok
359,2023-10-06,Jakarta
391,2023-11-05,Bogor
389,2023-08-10,Bogor
381,2023-11-27,Bogor
377,2023-11-29,Tangerang
357,2023-08-05,Depok
387,2023-08-15,Tangerang
385,2023-11-14,Bogor
351,2023-10-23,Tangerang
368,2023-10-16,Depok
376,2023-10-28,Depok
351,2023-11-08,Jakarta
351,2023-08-11,Jakarta
389,2023-11-21,Bogor
359,2023-09-18,Bogor
389,2023-12-31,Tangerang
395,2023-12-14,Tangerang
400,2023-11-01,Depok
366,2023-11-03,Jakarta
395,2023-12-03,Tangerang
398,2023-12-29,Tangerang
351,2023-08-25,Jakarta
396,2023-12-09,Tangerang
393,2023-12-12,Jakarta
392,2023-09-09,Jakarta
384,2023-11-26,Bogor
381,2023-08-11,Jakarta
356,2023-08-03,Tangerang
371,2023-10-24,Bogor
381,2023-09-27,Jakarta
373,2023-10-22,Jakarta
352,2023-09-29,Bekasi
361,2023-11-24,Bogor
391,2023-12-20,Bogor
379,2023-09-16,Tangerang
367,2023-10-29,Depok
358,2023-11-17,Jakarta
381,2023-08-12,Jakarta
369,2023-08-23,Jakarta
387,2023-12-12,Bogor
376,2023-08-12,Jakarta
387,2023-09-15,Depok
384,2023-08-08,Bogor
364,2023-10-27,Bogor
399,2023-10-22,Bogor
368,2023-12-08,Bogor
434,2023-12-13,Tangerang
419,2023-11-17,Tangerang
422,2023-12-26,Bogor
403,2023-10-17,Depok
421,2023-11-12,Jakarta
428,2023-12-06,Jakarta
440,2023-11-22,Tangerang
410,2023-12-11,Jakarta
424,2023-10-02,Bogor
449,2023-11-05,Tangerang
441,2023-11-22,Tangerang
426,2023-11-06,Jakarta
446,2023-09-02,Jakarta
415,2023-10-26,Bogor
429,2023-12-19,Jakarta
401,2023-11-16,Tangerang
440,2023-12-05,Bogor
435,2023-10-02,Bogor
406,2023-09-28,Jakarta
446,2023-12-25,Tangerang
408,2023-11-16,Depok
438,2023-09-01,Bogor
418,2023-10-29,Bogor
450,2023-10-30,Jakarta
407,2023-09-22,Tangerang
417,2023-10-30,Tangerang
438,2023-11-21,Tangerang
441,2023-10-25,Tangerang
401,2023-09-21,Bogor
424,2023-12-22,Tangerang
440,2023-12-18,Jakarta
449,2023-10-30,Bogor
402,2023-12-03,Bogor
431,2023-10-21,Tangerang
426,2023-10-19,Tangerang
429,2023-11-22,Depok
431,2023-12-15,Tangerang
431,2023-10-06,Bogor
401,2023-10-26,Jakarta
431,2023-10-01,Tangerang
410,2023-12-18,Bogor
406,2023-09-27,Depok
440,2023-10-10,Depok
414,2023-11-20,Depok
450,2023-09-13,Bogor
423,2023-12-21,Depok
401,2023-09-22,Tangerang
422,2023-09-10,Jakarta
419,2023-11-12,Tangerang
431,2023-09-02,Bogor
426,2023-10-14,Tangerang
424,2023-12-19,Bekasi
408,2023-12-08,Depok
449,2023-12-12,Bogor
439,2023-09-14,Tangerang
439,2023-11-16,Jakarta
424,2023-09-27,Depok
406,2023-11-28,Bogor
447,2023-10-05,Bogor
439,2023-12-12,Tangerang
426,2023-10-30,Bogor
444,2023-09-04,Jakarta
406,2023-10-17,Jakarta
426,2023-09-09,Depok
426,2023-12-26,Tangerang
402,2023-10-31,Depok
426,2023-10-13,Tangerang
421,2023-10-03,Bogor
445,2023-10-01,Bogor
440,2023-10-22,Jakarta
407,2023-10-09,Depok
413,2023-09-25,Depok
408,2023-10-09,Tangerang
405,2023-10-19,Tangerang
429,2023-12-21,Bogor
415,2023-11-21,Depok
449,2023-09-08,Depok
412,2023-09-22,Bogor
439,2023-12-09,Bogor
441,2023-10-31,Jakarta
430,2023-11-23,Tangerang
425,2023-09-02,Bekasi
410,2023-12-06,Bekasi
426,2023-12-02,Depok
443,2023-11-11,Tangerang
438,2023-11-12,Jakarta
449,2023-11-20,Jakarta
402,2023-09-15,Bekasi
450,2023-09-09,Depok
415,2023-11-17,Tangerang
450,2023-10-29,Tangerang
436,2023-10-22,Bogor
439,2023-12-17,Depok
439,2023-11-09,Jakarta
446,2023-11-20,Bogor
419,2023-12-11,Jakarta
420,2023-10-06,Depok
429,2023-11-05,Tangerang
404,2023-09-04,Depok
418,2023-12-02,Jakarta
425,2023-10-24,Depok
421,2023-12-23,Jakarta
404,2023-10-29,Depok
402,2023-10-26,Jakarta
446,2023-10-05,Depok
439,2023-11-15,Bogor
431,2023-11-14,Tangerang
421,2023-09-21,Tangerang
434,2023-12-11,Jakarta
403,2023-09-22,Bogor
425,2023-11-14,Bogor
440,2023-11-30,Bogor
401,2023-09-01,Bogor
434,2023-10-12,Depok
419,2023-09-13,Bogor
449,2023-09-25,Tangerang
410,2023-12-31,Depok
440,2023-10-27,Bogor
434,2023-09-12,Jakarta
426,2023-09-04,Tangerang
431,2023-10-27,Jakarta
446,2023-09-15,Jakarta
439,2023-12-29,Tangerang
401,2023-09-26,Depok
431,2023-12-25,Jakarta
444,2023-09-29,Tangerang
426,2023-09-28,Jakarta
442,2023-11-05,Tangerang
412,2023-11-07,Jakarta
420,2023-10-31,Tangerang
404,2023-11-20,Jakarta
421,2023-09-17,Jakarta
422,2023-10-21,Bogor
404,2023-11-10,Jakarta
421,2023-10-06,Depok
450,2023-10-12,Bogor
404,2023-09-13,Jakarta
416,2023-10-22,Depok
406,2023-12-01,Bogor
426,2023-09-23,Jakarta
413,2023-11-16,Depok
450,2023-12-12,Depok
450,2023-09-14,Jakarta
440,2023-12-24,Jakarta
407,2023-09-15,Bogor
433,2023-09-13,Jakarta
407,2023-10-20,Depok
403,2023-11-07,Tangerang
446,2023-09-11,Jakarta
450,2023-11-23,Bogor
421,2023-10-01,Depok
420,2023-11-23,Tangerang
430,2023-12-24,Depok
418,2023-10-19,Jakarta
407,2023-09-16,Tangerang
419,2023-09-16,Jakarta
421,2023-11-28,Jakarta
440,2023-09-28,Tangerang
407,2023-09-02,Tangerang
406,2023-12-23,Tangerang
440,2023-09-22,Bogor
450,2023-11-24,Jakarta
440,2023-11-09,Bogor
401,2023-12-22,Jakarta
425,2023-11-22,Tangerang
439,2023-10-15,Bogor
418,2023-10-10,Tangerang
406,2023-11-29,Depok
406,2023-10-10,Tangerang
426,2023-10-03,Jakarta
419,2023-12-08,Tangerang
407,2023-09-23,Tangerang
408,2023-10-09,Bogor
426,2023-12-06,Jakarta
422,2023-11-28,Bogor
450,2023-10-20,Jakarta
442,2023-09-01,Bogor
401,2023-10-16,Tangerang
434,2023-12-28,Tangerang
401,2023-09-02,Jakarta
403,2023-11-18,Tangerang
414,2023-09-30,Depok
445,2023-10-26,Bogor
440,2023-12-12,Bogor
404,2023-11-21,Tangerang
449,2023-09-12,Jakarta
409,2023-11-27,Tangerang
443,2023-12-15,Jakarta
412,2023-09-25,Bogor
415,2023-10-28,Jakarta
418,2023-11-25,Jakarta
418,2023-09-26,Jakarta
425,2023-11-26,Jakarta
450,2023-10-11,Jakarta
407,2023-09-09,Tangerang
443,2023-12-11,Bogor
438,2023-12-04,Tangerang
404,2023-11-24,Bogor
402,2023-11-06,Bekasi
434,2023-11-03,Depok
450,2023-11-15,Jakarta
440,2023-10-06,Tangerang
408,2023-12-12,Bogor
446,2023-11-08,Tangerang
401,2023-09-17,Jakarta
405,2023-12-05,Tangerang
404,2023-10-17,Bekasi
441,2023-11-14,Jakarta
404,2023-09-23,Bogor
458,2023-12-26,Jakarta
488,2023-11-12,Depok
463,2023-12-25,Tangerang
466,2023-12-01,Bogor
473,2023-11-13,Bogor
452,2023-10-18,Bogor
451,2023-10-17,Bogor
487,2023-12-26,Depok
469,2023-11-01,Bogor
466,2023-11-01,Tangerang
456,2023-10-01,Tangerang
482,2023-10-21,Tangerang
487,2023-11-08,Bogor
500,2023-12-29,Tangerang
474,2023-11-29,Depok
477,2023-12-15,Tangerang
477,2023-10-09,Depok
482,2023-12-15,Jakarta
474,2023-12-23,Depok
473,2023-10-03,Bogor
468,2023-11-11,Bogor
460,2023-11-28,Bogor
456,2023-10-05,Bogor
480,2023-10-06,Tangerang
492,2023-12-15,Jakarta
482,2023-11-20,Depok
499,2023-12-04,Jakarta
499,2023-11-11,Jakarta
485,2023-11-24,Jakarta
456,2023-12-13,Depok
499,2023-10-25,Tangerang
463,2023-12-10,Bogor
464,2023-11-23,Bogor
472,2023-11-13,Tangerang
495,2023-11-23,Jakarta
475,2023-11-23,Bogor
474,2023-10-16,Jakarta
487,2023-11-29,Jakarta
459,2023-11-29,Bogor
487,2023-11-02,Bogor
483,2023-12-30,Depok
453,2023-11-15,Bogor
482,2023-12-08,Bogor
452,2023-10-02,Jakarta
490,2023-10-26,Bogor
470,2023-12-30,Jakarta
489,2023-11-19,Tangerang
458,2023-11-26,Jakarta
471,2023-11-08,Bogor
466,2023-11-13,Tangerang
485,2023-11-27,Jakarta
457,2023-12-14,Jakarta
460,2023-10-09,Depok
496,2023-10-31,Depok
483,2023-11-23,Jakarta
452,2023-11-11,Bogor
452,2023-12-14,Jakarta
489,2023-11-14,Bogor
485,2023-10-18,Tangerang
492,2023-10-14,Depok
461,2023-12-23,Bogor
499,2023-10-03,Depok
472,2023-12-03,Bogor
496,2023-12-18,Tangerang
455,2023-10-28,Bogor
451,2023-10-31,Jakarta
487,2023-11-24,Jakarta
468,2023-11-25,Tangerang
489,2023-10-12,Bogor
487,2023-11-27,Jakarta
493,2023-12-12,Tangerang
474,2023-11-15,Tangerang
463,2023-11-17,Bogor
468,2023-12-27,Depok
480,2023-10-19,Jakarta
460,2023-10-25,Bogor
487,2023-12-20,Depok
495,2023-11-14,Bogor
489,2023-12-01,Jakarta
490,2023-10-15,Bogor
482,2023-11-20,Jakarta
494,2023-10-28,Tangerang
486,2023-11-29,Depok
487,2023-12-19,Bogor
485,2023-12-18,Bogor
470,2023-11-18,Bogor
465,2023-11-04,Tangerang
482,2023-12-23,Tangerang
463,2023-11-10,Bogor
456,2023-11-01,Jakarta
459,2023-11-01,Tangerang
472,2023-10-08,Bogor
484,2023-11-23,Jakarta
463,2023-10-14,Depok
496,2023-12-18,Bogor
492,2023-10-01,Bogor
486,2023-11-12,Tangerang
464,2023-11-21,Tangerang
467,2023-10-14,Tangerang
466,2023-10-09,Jakarta
486,2023-11-28,Jakarta
500,2023-10-14,Bogor
464,2023-11-02,Bogor
463,2023-10-06,Tangerang
452,2023-12-20,Jakarta
477,2023-11-02,Tangerang
460,2023-11-19,Tangerang
482,2023-11-01,Bogor
473,2023-11-30,Bogor
463,2023-11-02,Jakarta
453,2023-11-03,Depok
459,2023-12-28,Bogor
494,2023-10-16,Tangerang
468,2023-12-09,Jakarta
490,2023-12-25,Jakarta
482,2023-11-07,Depok
463,2023-12-06,Tangerang
468,2023-11-16,Depok
468,2023-11-08,Bogor
455,2023-11-07,Tangerang
489,2023-10-11,Tangerang
500,2023-10-30,Bogor
463,2023-10-31,Bogor
492,2023-11-11,Bogor
479,2023-11-08,Depok
461,2023-11-13,Jakarta
493,2023-10-13,Tangerang
478,2023-12-30,Bogor
495,2023-12-11,Tangerang
486,2023-12-31,Depok
452,2023-11-26,Tangerang
485,2023-12-23,Jakarta
486,2023-12-09,Bogor
453,2023-10-08,Tangerang
462,2023-10-06,Bogor
478,2023-12-06,Bogor
468,2023-12-30,Bogor
453,2023-12-14,Bogor
469,2023-11-26,Jakarta
482,2023-11-29,Bogor
498,2023-10-25,Depok
483,2023-11-14,Depok
485,2023-11-02,Tangerang
483,2023-11-23,Depok
463,2023-10-24,Tangerang
452,2023-10-29,Jakarta
460,2023-10-04,Depok
477,2023-11-24,Bogor
458,2023-12-07,Jakarta
455,2023-12-17,Tangerang
453,2023-12-04,Tangerang
486,2023-12-26,Tangerang
492,2023-11-25,Tangerang
464,2023-12-06,Jakarta
451,2023-11-08,Bogor
473,2023-11-02,Bogor
451,2023-10-09,Jakarta
457,2023-10-28,Depok
459,2023-10-11,Jakarta
477,2023-10-03,Jakarta
467,2023-11-25,Bogor
460,2023-12-25,Jakarta
464,2023-10-25,Depok
469,2023-10-04,Jakarta
494,2023-10-07,Depok
467,2023-11-12,Jakarta
508,2023-11-23,Jakarta
528,2023-11-20,Bogor
520,2023-12-20,Jakarta
516,2023-12-25,Jakarta
540,2023-11-06,Bogor
501,2023-12-12,Tangerang
522,2023-11-30,Tangerang
539,2023-12-18,Bekasi
536,2023-12-25,Jakarta
536,2023-11-15,Bogor
539,2023-12-18,Tangerang
550,2023-11-21,Jakarta
545,2023-12-06,Depok
501,2023-11-19,Bogor
507,2023-12-06,Tangerang
501,2023-12-20,Depok
502,2023-11-23,Bogor
537,2023-11-28,Depok
544,2023-12-22,Jakarta
514,2023-12-12,Depok
503,2023-11-28,Bogor
517,2023-11-01,Tangerang
545,2023-11-28,Jakarta
533,2023-11-16,Bogor
501,2023-11-01,Jakarta
520,2023-12-17,Jakarta
532,2023-12-02,Tangerang
528,2023-11-01,Bogor
527,2023-12-27,Jakarta
533,2023-11-13,Tangerang
542,2023-12-07,Bogor
505,2023-11-21,Depok
541,2023-12-18,Tangerang
531,2023-12-26,Depok
536,2023-12-22,Tangerang
547,2023-12-18,Tangerang
524,2023-11-24,Jakarta
550,2023-12-04,Bogor
550,2023-11-27,Depok
527,2023-12-31,Bogor
506,2023-11-01,Tangerang
516,2023-12-17,Tangerang
511,2023-12-26,Jakarta
501,2023-11-04,Depok
514,2023-11-05,Tangerang
518,2023-12-09,Bogor
545,2023-12-08,Bogor
515,2023-12-07,Tangerang
505,2023-12-23,Depok
520,2023-11-18,Depok
515,2023-12-10,Jakarta
529,2023-11-09,Jakarta
533,2023-12-24,Tangerang
538,2023-12-11,Tangerang
543,2023-11-25,Tangerang
542,2023-11-30,Bogor
523,2023-12-07,Bogor
517,2023-11-15,Jakarta
521,2023-11-23,Bogor
505,2023-12-26,Tangerang
544,2023-12-07,Bogor
532,2023-12-02,Tangerang
527,2023-11-18,Bogor
522,2023-11-18,Jakarta
529,2023-11-20,Bogor
526,2023-12-04,Tangerang
528,2023-12-17,Jakarta
502,2023-11-13,Bogor
528,2023-12-12,Tangerang
550,2023-11-22,Jakarta
506,2023-11-12,Tangerang
538,2023-11-07,Bogor
528,2023-11-14,Jakarta
523,2023-12-11,Bogor
503,2023-12-07,Tangerang
505,2023-12-18,Depok
527,2023-12-06,Jakarta
531,2023-12-20,Bekasi
506,2023-12-19,Depok
533,2023-12-21,Tangerang
550,2023-11-06,Jakarta
518,2023-12-13,Depok
519,2023-12-15,Jakarta
550,2023-11-06,Jakarta
506,2023-11-28,Bogor
525,2023-12-11,Depok
516,2023-11-23,Tangerang
523,2023-11-07,Bogor
540,2023-11-04,Jakarta
518,2023-12-07,Tangerang
523,2023-11-29,Bogor
550,2023-11-28,Depok
545,2023-11-23,Tangerang
532,2023-11-30,Tangerang
536,2023-12-30,Bogor
523,2023-11-12,Jakarta
521,2023-11-05,Jakarta
541,2023-11-16,Tangerang
592,2023-12-29,Bogor
556,2023-12-29,Jakarta
591,2023-12-17,Bogor
565,2023-12-01,Jakarta
600,2023-12-23,Jakarta
568,2023-12-19,Bogor
576,2023-12-02,Tangerang
586,2023-12-19,Jakarta
589,2023-12-08,Bekasi
586,2023-12-31,Tangerang
593,2023-12-29,Bogor
556,2023-12-22,Bogor
565,2023-12-03,Bogor
556,2023-12-22,Bogor
555,2023-12-02,Bogor
597,2023-12-20,Bekasi
565,2023-12-07,Jakarta
559,2023-12-01,Jakarta
556,2023-12-17,Tangerang
597,2023-12-27,Tangerang
580,2023-12-14,Bogor
560,2023-12-01,Depok
576,2023-12-04,Depok
564,2023-12-14,Tangerang
591,2023-12-31,Jakarta
563,2023-12-18,Tangerang
595,2023-12-28,Depok
557,2023-12-03,Bogor
570,2023-12-22,Bogor
563,2023-12-18,Bogor
566,2023-12-09,Tangerang
557,2023-12-28,Bogor
556,2023-12-08,Tangerang
564,2023-12-31,Jakarta
569,2023-12-12,Tangerang
569,2023-12-31,Tangerang
559,2023-12-29,Bogor
